[2026-01-22 21:13:01] [INFO] [GENERAL] MDP SDK Loaded
[2026-01-22 21:13:12] [INFO] [GENERAL] MDP SDK Unloading
[2026-01-22 21:19:25] [INFO] [GENERAL] MDP SDK Loaded
[2026-01-22 21:20:54] [INFO] [GENERAL] MDP SDK Unloading
[2026-01-22 21:21:59] [INFO] [GENERAL] MDP SDK Loaded
[2026-01-22 21:24:30] [INFO] [GENERAL] MDP SDK Loaded
[2026-01-22 21:26:02] [INFO] [GENERAL] MDP SDK Loaded
[2026-01-22 21:26:39] [DEBUG] [PROTOCOL] Built command packet: type=0x16
[2026-01-22 21:26:39] [DEBUG] [PROTOCOL] Built command packet: type=0x18
[2026-01-22 21:26:41] [INFO] [GENERAL] Switched to IMPEDANCE mode: ring buffer (latest data only)
[2026-01-22 21:26:41] [DEBUG] [PROTOCOL] Built command packet: type=0x17
[2026-01-22 21:27:29] [INFO] [GENERAL] MDP SDK Unloading
[2026-01-22 21:28:04] [INFO] [GENERAL] MDP SDK Loaded
[2026-01-22 21:29:00] [DEBUG] [PROTOCOL] Built command packet: type=0x16
[2026-01-22 21:29:00] [DEBUG] [PROTOCOL] Built command packet: type=0x18
[2026-01-22 21:29:03] [INFO] [GENERAL] Switched to IMPEDANCE mode: ring buffer (latest data only)
[2026-01-22 21:29:03] [DEBUG] [PROTOCOL] Built command packet: type=0x17
[2026-01-22 21:29:06] [INFO] [GENERAL] Insufficient data for impedance calculation
[2026-01-22 21:29:06] [INFO] [GENERAL] Window fill: 0/32
[2026-01-22 21:29:10] [DEBUG] [PROTOCOL] Built command packet: type=0x18
[2026-01-22 21:29:13] [DEBUG] [PROTOCOL] Built command packet: type=0x17
[2026-01-22 21:29:17] [INFO] [GENERAL] Insufficient data for impedance calculation
[2026-01-22 21:29:17] [INFO] [GENERAL] Window fill: 0/32
[2026-01-22 21:29:17] [DEBUG] [PROTOCOL] Built command packet: type=0x18
[2026-01-22 21:29:20] [DEBUG] [PROTOCOL] Built command packet: type=0x17
[2026-01-22 21:29:20] [INFO] [GENERAL] Insufficient data for impedance calculation
[2026-01-22 21:29:20] [INFO] [GENERAL] Window fill: 0/32
[2026-01-22 21:29:20] [DEBUG] [PROTOCOL] Built command packet: type=0x18
[2026-01-22 21:29:21] [DEBUG] [PROTOCOL] Built command packet: type=0x17
[2026-01-22 21:29:21] [INFO] [GENERAL] Insufficient data for impedance calculation
[2026-01-22 21:29:21] [INFO] [GENERAL] Window fill: 0/32
[2026-01-22 21:29:21] [DEBUG] [PROTOCOL] Built command packet: type=0x18
[2026-01-22 21:29:22] [INFO] [GENERAL] Insufficient data for impedance calculation
[2026-01-22 21:29:22] [INFO] [GENERAL] Window fill: 0/32
[2026-01-22 21:29:22] [DEBUG] [PROTOCOL] Built command packet: type=0x18
[2026-01-22 21:29:23] [DEBUG] [PROTOCOL] Built command packet: type=0x17
[2026-01-22 21:29:23] [INFO] [GENERAL] Insufficient data for impedance calculation
[2026-01-22 21:29:23] [INFO] [GENERAL] Window fill: 0/32
[2026-01-22 21:29:23] [DEBUG] [PROTOCOL] Built command packet: type=0x18
[2026-01-22 21:29:23] [DEBUG] [PROTOCOL] Built command packet: type=0x17
[2026-01-22 21:29:24] [INFO] [GENERAL] Insufficient data for impedance calculation
[2026-01-22 21:29:24] [INFO] [GENERAL] Window fill: 0/32
[2026-01-22 21:29:24] [DEBUG] [PROTOCOL] Built command packet: type=0x18
[2026-01-22 21:29:24] [DEBUG] [PROTOCOL] Built command packet: type=0x17
[2026-01-22 21:29:25] [INFO] [GENERAL] Insufficient data for impedance calculation
[2026-01-22 21:29:25] [INFO] [GENERAL] Window fill: 0/32
[2026-01-22 21:29:25] [DEBUG] [PROTOCOL] Built command packet: type=0x18
[2026-01-22 21:29:25] [DEBUG] [PROTOCOL] Built command packet: type=0x17
[2026-01-22 21:29:25] [INFO] [GENERAL] Insufficient data for impedance calculation
[2026-01-22 21:29:25] [INFO] [GENERAL] Window fill: 0/32
[2026-01-22 21:29:25] [DEBUG] [PROTOCOL] Built command packet: type=0x18
[2026-01-22 21:29:34] [INFO] [GENERAL] MDP SDK Unloading
[2026-01-26 19:24:52] [INFO] [GENERAL] MDP SDK Loaded
[2026-01-26 19:25:17] [DEBUG] [PROTOCOL] Built command packet: type=0x16
[2026-01-26 19:25:17] [DEBUG] [PROTOCOL] Built command packet: type=0x18
[2026-01-26 19:25:17] [DEBUG] [PROTOCOL] Received 244 bytes
[2026-01-26 19:25:17] [DEBUG] [PROTOCOL] Received 244 bytes
[2026-01-26 19:25:17] [DEBUG] [PROTOCOL] Received 244 bytes
[2026-01-26 19:25:17] [DEBUG] [PROTOCOL] Received 244 bytes
[2026-01-26 19:25:17] [DEBUG] [PROTOCOL] Received 244 bytes
[2026-01-26 19:25:17] [DEBUG] [PROTOCOL] Received 244 bytes
[2026-01-26 19:25:17] [DEBUG] [PROTOCOL] Received 244 bytes
[2026-01-26 19:25:17] [DEBUG] [PROTOCOL] Received 244 bytes
[2026-01-26 19:25:17] [DEBUG] [PROTOCOL] Received 244 bytes
[2026-01-26 19:25:17] [DEBUG] [PROTOCOL] Received 244 bytes
[2026-01-26 19:25:17] [DEBUG] [PROTOCOL] Received 244 bytes
[2026-01-26 19:25:17] [DEBUG] [PROTOCOL] Received 244 bytes
[2026-01-26 19:25:17] [DEBUG] [PROTOCOL] Received 244 bytes
[2026-01-26 19:25:17] [DEBUG] [PROTOCOL] Received 244 bytes
[2026-01-26 19:25:18] [DEBUG] [PROTOCOL] Received 244 bytes
[2026-01-26 19:25:18] [DEBUG] [PROTOCOL] Received 244 bytes
[2026-01-26 19:25:18] [DEBUG] [PROTOCOL] Received 244 bytes
[2026-01-26 19:25:18] [DEBUG] [PROTOCOL] Received 244 bytes
[2026-01-26 19:25:18] [DEBUG] [PROTOCOL] Received 244 bytes
[2026-01-26 19:25:18] [DEBUG] [PROTOCOL] Received 244 bytes
[2026-01-26 19:25:18] [DEBUG] [PROTOCOL] Received 244 bytes
[2026-01-26 19:25:18] [DEBUG] [PROTOCOL] Received 244 bytes
[2026-01-26 19:25:18] [DEBUG] [PROTOCOL] Received 244 bytes
[2026-01-26 19:25:18] [DEBUG] [PROTOCOL] Received 244 bytes
[2026-01-26 19:25:18] [DEBUG] [PROTOCOL] Received 244 bytes
[2026-01-26 19:25:18] [DEBUG] [PROTOCOL] Received 244 bytes
[2026-01-26 19:25:18] [DEBUG] [PROTOCOL] Received 244 bytes
[2026-01-26 19:25:18] [DEBUG] [PROTOCOL] Received 244 bytes
[2026-01-26 19:25:18] [DEBUG] [PROTOCOL] Received 244 bytes
[2026-01-26 19:25:18] [DEBUG] [PROTOCOL] Received 244 bytes
[2026-01-26 19:25:18] [DEBUG] [PROTOCOL] Received 244 bytes
[2026-01-26 19:25:18] [DEBUG] [PROTOCOL] Received 244 bytes
[2026-01-26 19:25:18] [DEBUG] [PROTOCOL] Received 244 bytes
[2026-01-26 19:25:18] [DEBUG] [PROTOCOL] Received 244 bytes
[2026-01-26 19:25:18] [DEBUG] [PROTOCOL] Received 244 bytes
[2026-01-26 19:25:18] [DEBUG] [PROTOCOL] Received 244 bytes
[2026-01-26 19:25:18] [DEBUG] [PROTOCOL] Received 244 bytes
[2026-01-26 19:25:18] [DEBUG] [PROTOCOL] Received 244 bytes
[2026-01-26 19:25:18] [DEBUG] [PROTOCOL] Received 244 bytes
[2026-01-26 19:25:18] [DEBUG] [PROTOCOL] Received 244 bytes
[2026-01-26 19:25:18] [DEBUG] [PROTOCOL] Received 244 bytes
[2026-01-26 19:25:18] [DEBUG] [PROTOCOL] Received 244 bytes
[2026-01-26 19:25:18] [DEBUG] [PROTOCOL] Received 244 bytes
[2026-01-26 19:25:18] [DEBUG] [PROTOCOL] Received 244 bytes
[2026-01-26 19:25:18] [DEBUG] [PROTOCOL] Received 244 bytes
[2026-01-26 19:25:18] [DEBUG] [PROTOCOL] Received 244 bytes
[2026-01-26 19:25:18] [DEBUG] [PROTOCOL] Received 244 bytes
[2026-01-26 19:25:18] [DEBUG] [PROTOCOL] Received 244 bytes
[2026-01-26 19:25:18] [DEBUG] [PROTOCOL] Received 244 bytes
[2026-01-26 19:25:18] [DEBUG] [PROTOCOL] Received 244 bytes
[2026-01-26 19:25:18] [DEBUG] [PROTOCOL] Received 244 bytes
[2026-01-26 19:25:19] [DEBUG] [PROTOCOL] Received 244 bytes
[2026-01-26 19:25:19] [DEBUG] [PROTOCOL] Received 244 bytes
[2026-01-26 19:25:19] [DEBUG] [PROTOCOL] Received 244 bytes
[2026-01-26 19:25:19] [DEBUG] [PROTOCOL] Received 244 bytes
[2026-01-26 19:25:19] [DEBUG] [PROTOCOL] Received 244 bytes
[2026-01-26 19:25:19] [DEBUG] [PROTOCOL] Received 244 bytes
[2026-01-26 19:25:19] [DEBUG] [PROTOCOL] Received 244 bytes
[2026-01-26 19:25:19] [DEBUG] [PROTOCOL] Received 244 bytes
[2026-01-26 19:25:19] [DEBUG] [PROTOCOL] Received 244 bytes
[2026-01-26 19:25:19] [DEBUG] [PROTOCOL] Received 244 bytes
[2026-01-26 19:25:19] [DEBUG] [PROTOCOL] Received 244 bytes
[2026-01-26 19:25:19] [DEBUG] [PROTOCOL] Received 244 bytes
[2026-01-26 19:25:19] [DEBUG] [PROTOCOL] Received 244 bytes
[2026-01-26 19:25:19] [DEBUG] [PROTOCOL] Received 244 bytes
[2026-01-26 19:25:19] [DEBUG] [PROTOCOL] Received 244 bytes
[2026-01-26 19:25:19] [DEBUG] [PROTOCOL] Received 244 bytes
[2026-01-26 19:25:19] [DEBUG] [PROTOCOL] Received 244 bytes
[2026-01-26 19:25:19] [DEBUG] [PROTOCOL] Received 244 bytes
[2026-01-26 19:25:19] [DEBUG] [PROTOCOL] Received 244 bytes
[2026-01-26 19:25:19] [DEBUG] [PROTOCOL] Received 244 bytes
[2026-01-26 19:25:19] [DEBUG] [PROTOCOL] Received 244 bytes
[2026-01-26 19:25:19] [DEBUG] [PROTOCOL] Received 244 bytes
[2026-01-26 19:25:19] [DEBUG] [PROTOCOL] Received 244 bytes
[2026-01-26 19:25:19] [DEBUG] [PROTOCOL] Received 244 bytes
[2026-01-26 19:25:19] [DEBUG] [PROTOCOL] Received 244 bytes
[2026-01-26 19:25:19] [DEBUG] [PROTOCOL] Received 244 bytes
[2026-01-26 19:25:19] [DEBUG] [PROTOCOL] Received 244 bytes
[2026-01-26 19:25:19] [DEBUG] [PROTOCOL] Received 244 bytes
[2026-01-26 19:25:19] [DEBUG] [PROTOCOL] Received 244 bytes
[2026-01-26 19:25:19] [DEBUG] [PROTOCOL] Received 244 bytes
[2026-01-26 19:25:19] [DEBUG] [PROTOCOL] Received 244 bytes
[2026-01-26 19:25:19] [DEBUG] [PROTOCOL] Received 244 bytes
[2026-01-26 19:25:19] [DEBUG] [PROTOCOL] Received 244 bytes
[2026-01-26 19:25:19] [DEBUG] [PROTOCOL] Received 244 bytes
[2026-01-26 19:25:19] [DEBUG] [PROTOCOL] Received 244 bytes
[2026-01-26 19:25:19] [DEBUG] [PROTOCOL] Received 244 bytes
[2026-01-26 19:25:19] [DEBUG] [PROTOCOL] Received 244 bytes
[2026-01-26 19:25:20] [DEBUG] [PROTOCOL] Received 244 bytes
[2026-01-26 19:25:20] [DEBUG] [PROTOCOL] Received 244 bytes
[2026-01-26 19:25:20] [DEBUG] [PROTOCOL] Received 244 bytes
[2026-01-26 19:25:20] [DEBUG] [PROTOCOL] Received 244 bytes
[2026-01-26 19:25:20] [DEBUG] [PROTOCOL] Received 244 bytes
[2026-01-26 19:25:20] [DEBUG] [PROTOCOL] Received 244 bytes
[2026-01-26 19:25:20] [DEBUG] [PROTOCOL] Received 244 bytes
[2026-01-26 19:25:20] [DEBUG] [PROTOCOL] Received 244 bytes
[2026-01-26 19:25:20] [DEBUG] [PROTOCOL] Received 244 bytes
[2026-01-26 19:25:20] [DEBUG] [PROTOCOL] Received 244 bytes
[2026-01-26 19:25:20] [DEBUG] [PROTOCOL] Received 244 bytes
[2026-01-26 19:25:20] [DEBUG] [PROTOCOL] Received 244 bytes
[2026-01-26 19:25:20] [DEBUG] [PROTOCOL] Received 244 bytes
[2026-01-26 19:25:20] [DEBUG] [PROTOCOL] Received 244 bytes
[2026-01-26 19:25:20] [DEBUG] [PROTOCOL] Received 244 bytes
[2026-01-26 19:25:20] [DEBUG] [PROTOCOL] Received 244 bytes
[2026-01-26 19:25:20] [DEBUG] [PROTOCOL] Received 244 bytes
[2026-01-26 19:25:20] [DEBUG] [PROTOCOL] Received 244 bytes
[2026-01-26 19:25:20] [DEBUG] [PROTOCOL] Received 244 bytes
[2026-01-26 19:25:20] [DEBUG] [PROTOCOL] Received 244 bytes
[2026-01-26 19:25:20] [DEBUG] [PROTOCOL] Received 244 bytes
[2026-01-26 19:25:20] [DEBUG] [PROTOCOL] Received 244 bytes
[2026-01-26 19:25:20] [DEBUG] [PROTOCOL] Received 244 bytes
[2026-01-26 19:25:20] [DEBUG] [PROTOCOL] Received 244 bytes
[2026-01-26 19:25:20] [DEBUG] [PROTOCOL] Received 244 bytes
[2026-01-26 19:25:20] [DEBUG] [PROTOCOL] Received 244 bytes
[2026-01-26 19:25:20] [DEBUG] [PROTOCOL] Received 244 bytes
[2026-01-26 19:25:20] [INFO] [GENERAL] Switched to IMPEDANCE mode: ring buffer (latest data only)
[2026-01-26 19:25:20] [DEBUG] [PROTOCOL] Built command packet: type=0x17
[2026-01-26 19:25:20] [DEBUG] [PROTOCOL] Received 244 bytes
[2026-01-26 19:25:20] [DEBUG] [PROTOCOL] Impedance: processed 6 packets
[2026-01-26 19:25:20] [INFO] [GENERAL] Insufficient data for impedance calculation
[2026-01-26 19:25:20] [INFO] [GENERAL] Window fill: 6/32
[2026-01-26 19:25:20] [DEBUG] [PROTOCOL] Built command packet: type=0x18
[2026-01-26 19:25:20] [DEBUG] [PROTOCOL] Received 208 bytes
[2026-01-26 19:25:20] [DEBUG] [PROTOCOL] Received 244 bytes
[2026-01-26 19:25:20] [DEBUG] [PROTOCOL] Received 244 bytes
[2026-01-26 19:25:21] [DEBUG] [PROTOCOL] Received 244 bytes
[2026-01-26 19:25:21] [DEBUG] [PROTOCOL] Received 244 bytes
[2026-01-26 19:25:21] [DEBUG] [PROTOCOL] Received 244 bytes
[2026-01-26 19:25:21] [DEBUG] [PROTOCOL] Received 244 bytes
[2026-01-26 19:25:21] [DEBUG] [PROTOCOL] Received 244 bytes
[2026-01-26 19:25:21] [DEBUG] [PROTOCOL] Received 244 bytes
[2026-01-26 19:25:21] [DEBUG] [PROTOCOL] Received 244 bytes
[2026-01-26 19:25:21] [DEBUG] [PROTOCOL] Received 244 bytes
[2026-01-26 19:25:21] [DEBUG] [PROTOCOL] Received 244 bytes
[2026-01-26 19:25:21] [DEBUG] [PROTOCOL] Received 244 bytes
[2026-01-26 19:25:21] [DEBUG] [PROTOCOL] Received 244 bytes
[2026-01-26 19:25:21] [DEBUG] [PROTOCOL] Received 244 bytes
[2026-01-26 19:25:21] [DEBUG] [PROTOCOL] Received 244 bytes
[2026-01-26 19:25:21] [DEBUG] [PROTOCOL] Received 244 bytes
[2026-01-26 19:25:21] [DEBUG] [PROTOCOL] Received 244 bytes
[2026-01-26 19:25:21] [DEBUG] [PROTOCOL] Received 244 bytes
[2026-01-26 19:25:21] [DEBUG] [PROTOCOL] Received 244 bytes
[2026-01-26 19:25:21] [DEBUG] [PROTOCOL] Received 244 bytes
[2026-01-26 19:25:21] [DEBUG] [PROTOCOL] Received 244 bytes
[2026-01-26 19:25:21] [DEBUG] [PROTOCOL] Received 244 bytes
[2026-01-26 19:25:21] [DEBUG] [PROTOCOL] Received 244 bytes
[2026-01-26 19:25:21] [DEBUG] [PROTOCOL] Received 244 bytes
[2026-01-26 19:25:21] [DEBUG] [PROTOCOL] Received 244 bytes
[2026-01-26 19:25:21] [DEBUG] [PROTOCOL] Received 244 bytes
[2026-01-26 19:25:21] [DEBUG] [PROTOCOL] Received 244 bytes
[2026-01-26 19:25:21] [DEBUG] [PROTOCOL] Received 244 bytes
[2026-01-26 19:25:21] [DEBUG] [PROTOCOL] Received 244 bytes
[2026-01-26 19:25:21] [DEBUG] [PROTOCOL] Received 244 bytes
[2026-01-26 19:25:21] [DEBUG] [PROTOCOL] Received 244 bytes
[2026-01-26 19:25:21] [DEBUG] [PROTOCOL] Received 244 bytes
[2026-01-26 19:25:21] [DEBUG] [PROTOCOL] Received 244 bytes
[2026-01-26 19:25:21] [DEBUG] [PROTOCOL] Received 244 bytes
[2026-01-26 19:25:21] [DEBUG] [PROTOCOL] Received 244 bytes
[2026-01-26 19:25:21] [DEBUG] [PROTOCOL] Received 244 bytes
[2026-01-26 19:25:21] [DEBUG] [PROTOCOL] Received 244 bytes
[2026-01-26 19:25:21] [DEBUG] [PROTOCOL] Received 244 bytes
[2026-01-26 19:25:21] [DEBUG] [PROTOCOL] Received 244 bytes
[2026-01-26 19:25:22] [DEBUG] [PROTOCOL] Received 244 bytes
[2026-01-26 19:25:22] [DEBUG] [PROTOCOL] Received 244 bytes
[2026-01-26 19:25:22] [DEBUG] [PROTOCOL] Received 244 bytes
[2026-01-26 19:25:22] [DEBUG] [PROTOCOL] Received 244 bytes
[2026-01-26 19:25:22] [DEBUG] [PROTOCOL] Received 244 bytes
[2026-01-26 19:25:22] [DEBUG] [PROTOCOL] Received 244 bytes
[2026-01-26 19:25:22] [DEBUG] [PROTOCOL] Received 244 bytes
[2026-01-26 19:25:22] [DEBUG] [PROTOCOL] Received 244 bytes
[2026-01-26 19:25:22] [DEBUG] [PROTOCOL] Received 244 bytes
[2026-01-26 19:25:22] [DEBUG] [PROTOCOL] Received 244 bytes
[2026-01-26 19:25:22] [DEBUG] [PROTOCOL] Received 244 bytes
[2026-01-26 19:25:22] [DEBUG] [PROTOCOL] Received 244 bytes
[2026-01-26 19:25:22] [DEBUG] [PROTOCOL] Received 244 bytes
[2026-01-26 19:25:22] [DEBUG] [PROTOCOL] Received 244 bytes
[2026-01-26 19:25:22] [DEBUG] [PROTOCOL] Received 244 bytes
[2026-01-26 19:25:22] [DEBUG] [PROTOCOL] Received 244 bytes
[2026-01-26 19:25:22] [DEBUG] [PROTOCOL] Received 244 bytes
[2026-01-26 19:25:22] [DEBUG] [PROTOCOL] Received 244 bytes
[2026-01-26 19:25:22] [DEBUG] [PROTOCOL] Received 244 bytes
[2026-01-26 19:25:22] [DEBUG] [PROTOCOL] Received 244 bytes
[2026-01-26 19:25:22] [DEBUG] [PROTOCOL] Received 244 bytes
[2026-01-26 19:25:22] [DEBUG] [PROTOCOL] Received 244 bytes
[2026-01-26 19:25:22] [DEBUG] [PROTOCOL] Received 244 bytes
[2026-01-26 19:25:22] [DEBUG] [PROTOCOL] Received 244 bytes
[2026-01-26 19:25:22] [DEBUG] [PROTOCOL] Received 244 bytes
[2026-01-26 19:25:22] [DEBUG] [PROTOCOL] Received 244 bytes
[2026-01-26 19:25:22] [DEBUG] [PROTOCOL] Received 244 bytes
[2026-01-26 19:25:22] [DEBUG] [PROTOCOL] Received 244 bytes
[2026-01-26 19:25:22] [DEBUG] [PROTOCOL] Received 244 bytes
[2026-01-26 19:25:22] [DEBUG] [PROTOCOL] Received 244 bytes
[2026-01-26 19:25:22] [DEBUG] [PROTOCOL] Received 244 bytes
[2026-01-26 19:25:22] [DEBUG] [PROTOCOL] Received 244 bytes
[2026-01-26 19:25:22] [DEBUG] [PROTOCOL] Received 244 bytes
[2026-01-26 19:25:22] [DEBUG] [PROTOCOL] Received 244 bytes
[2026-01-26 19:25:22] [DEBUG] [PROTOCOL] Received 244 bytes
[2026-01-26 19:25:22] [DEBUG] [PROTOCOL] Received 244 bytes
[2026-01-26 19:25:22] [DEBUG] [PROTOCOL] Received 244 bytes
[2026-01-26 19:25:23] [DEBUG] [PROTOCOL] Received 244 bytes
[2026-01-26 19:25:23] [DEBUG] [PROTOCOL] Received 244 bytes
[2026-01-26 19:25:23] [DEBUG] [PROTOCOL] Received 244 bytes
[2026-01-26 19:25:23] [DEBUG] [PROTOCOL] Received 244 bytes
[2026-01-26 19:25:23] [DEBUG] [PROTOCOL] Received 244 bytes
[2026-01-26 19:25:23] [DEBUG] [PROTOCOL] Received 244 bytes
[2026-01-26 19:25:23] [DEBUG] [PROTOCOL] Received 244 bytes
[2026-01-26 19:25:23] [DEBUG] [PROTOCOL] Received 244 bytes
[2026-01-26 19:25:23] [DEBUG] [PROTOCOL] Received 244 bytes
[2026-01-26 19:25:23] [DEBUG] [PROTOCOL] Received 244 bytes
[2026-01-26 19:25:23] [DEBUG] [PROTOCOL] Received 244 bytes
[2026-01-26 19:25:23] [DEBUG] [PROTOCOL] Received 244 bytes
[2026-01-26 19:25:23] [DEBUG] [PROTOCOL] Received 244 bytes
[2026-01-26 19:25:23] [DEBUG] [PROTOCOL] Received 244 bytes
[2026-01-26 19:25:23] [DEBUG] [PROTOCOL] Received 244 bytes
[2026-01-26 19:25:23] [DEBUG] [PROTOCOL] Received 244 bytes
[2026-01-26 19:25:23] [DEBUG] [PROTOCOL] Received 244 bytes
[2026-01-26 19:25:23] [DEBUG] [PROTOCOL] Received 244 bytes
[2026-01-26 19:25:23] [DEBUG] [PROTOCOL] Received 244 bytes
[2026-01-26 19:25:23] [DEBUG] [PROTOCOL] Received 244 bytes
[2026-01-26 19:25:23] [DEBUG] [PROTOCOL] Received 244 bytes
[2026-01-26 19:25:23] [DEBUG] [PROTOCOL] Received 244 bytes
[2026-01-26 19:25:23] [DEBUG] [PROTOCOL] Received 244 bytes
[2026-01-26 19:25:23] [DEBUG] [PROTOCOL] Received 244 bytes
[2026-01-26 19:25:23] [DEBUG] [PROTOCOL] Received 244 bytes
[2026-01-26 19:25:23] [DEBUG] [PROTOCOL] Received 244 bytes
[2026-01-26 19:25:23] [DEBUG] [PROTOCOL] Received 244 bytes
[2026-01-26 19:25:23] [DEBUG] [PROTOCOL] Received 244 bytes
[2026-01-26 19:25:23] [DEBUG] [PROTOCOL] Received 244 bytes
[2026-01-26 19:25:23] [DEBUG] [PROTOCOL] Received 244 bytes
[2026-01-26 19:25:23] [DEBUG] [PROTOCOL] Received 244 bytes
[2026-01-26 19:25:23] [DEBUG] [PROTOCOL] Received 244 bytes
[2026-01-26 19:25:23] [DEBUG] [PROTOCOL] Received 244 bytes
[2026-01-26 19:25:23] [DEBUG] [PROTOCOL] Received 244 bytes
[2026-01-26 19:25:23] [DEBUG] [PROTOCOL] Received 244 bytes
[2026-01-26 19:25:23] [DEBUG] [PROTOCOL] Received 244 bytes
[2026-01-26 19:25:23] [DEBUG] [PROTOCOL] Received 244 bytes
[2026-01-26 19:25:24] [DEBUG] [PROTOCOL] Received 244 bytes
[2026-01-26 19:25:24] [DEBUG] [PROTOCOL] Received 244 bytes
[2026-01-26 19:25:24] [DEBUG] [PROTOCOL] Received 244 bytes
[2026-01-26 19:25:24] [DEBUG] [PROTOCOL] Received 244 bytes
[2026-01-26 19:25:24] [DEBUG] [PROTOCOL] Received 244 bytes
[2026-01-26 19:25:24] [DEBUG] [PROTOCOL] Received 244 bytes
[2026-01-26 19:25:24] [DEBUG] [PROTOCOL] Received 244 bytes
[2026-01-26 19:25:24] [DEBUG] [PROTOCOL] Received 244 bytes
[2026-01-26 19:25:24] [DEBUG] [PROTOCOL] Received 244 bytes
[2026-01-26 19:25:24] [DEBUG] [PROTOCOL] Received 244 bytes
[2026-01-26 19:25:24] [DEBUG] [PROTOCOL] Received 244 bytes
[2026-01-26 19:25:24] [DEBUG] [PROTOCOL] Received 244 bytes
[2026-01-26 19:25:24] [DEBUG] [PROTOCOL] Received 244 bytes
[2026-01-26 19:25:24] [DEBUG] [PROTOCOL] Received 244 bytes
[2026-01-26 19:25:24] [DEBUG] [PROTOCOL] Received 244 bytes
[2026-01-26 19:25:24] [DEBUG] [PROTOCOL] Received 244 bytes
[2026-01-26 19:25:24] [DEBUG] [PROTOCOL] Received 244 bytes
[2026-01-26 19:25:24] [DEBUG] [PROTOCOL] Received 244 bytes
[2026-01-26 19:25:24] [DEBUG] [PROTOCOL] Received 244 bytes
[2026-01-26 19:25:24] [DEBUG] [PROTOCOL] Received 244 bytes
[2026-01-26 19:25:24] [DEBUG] [PROTOCOL] Received 244 bytes
[2026-01-26 19:25:24] [DEBUG] [PROTOCOL] Received 244 bytes
[2026-01-26 19:25:24] [DEBUG] [PROTOCOL] Received 244 bytes
[2026-01-26 19:25:24] [DEBUG] [PROTOCOL] Received 244 bytes
[2026-01-26 19:25:24] [DEBUG] [PROTOCOL] Received 244 bytes
[2026-01-26 19:25:24] [DEBUG] [PROTOCOL] Received 244 bytes
[2026-01-26 19:25:24] [DEBUG] [PROTOCOL] Received 244 bytes
[2026-01-26 19:25:24] [DEBUG] [PROTOCOL] Received 244 bytes
[2026-01-26 19:25:24] [DEBUG] [PROTOCOL] Received 244 bytes
[2026-01-26 19:25:24] [DEBUG] [PROTOCOL] Received 244 bytes
[2026-01-26 19:25:24] [DEBUG] [PROTOCOL] Received 244 bytes
[2026-01-26 19:25:24] [DEBUG] [PROTOCOL] Received 244 bytes
[2026-01-26 19:25:24] [DEBUG] [PROTOCOL] Received 244 bytes
[2026-01-26 19:25:24] [DEBUG] [PROTOCOL] Received 244 bytes
[2026-01-26 19:25:24] [DEBUG] [PROTOCOL] Received 244 bytes
[2026-01-26 19:25:24] [DEBUG] [PROTOCOL] Received 244 bytes
[2026-01-26 19:25:25] [DEBUG] [PROTOCOL] Received 244 bytes
[2026-01-26 19:25:25] [DEBUG] [PROTOCOL] Received 244 bytes
[2026-01-26 19:25:25] [DEBUG] [PROTOCOL] Received 244 bytes
[2026-01-26 19:25:25] [DEBUG] [PROTOCOL] Received 244 bytes
[2026-01-26 19:25:25] [DEBUG] [PROTOCOL] Received 244 bytes
[2026-01-26 19:25:25] [DEBUG] [PROTOCOL] Received 244 bytes
[2026-01-26 19:25:25] [DEBUG] [PROTOCOL] Received 244 bytes
[2026-01-26 19:25:25] [DEBUG] [PROTOCOL] Received 244 bytes
[2026-01-26 19:25:25] [DEBUG] [PROTOCOL] Received 244 bytes
[2026-01-26 19:25:25] [DEBUG] [PROTOCOL] Received 244 bytes
[2026-01-26 19:25:25] [DEBUG] [PROTOCOL] Received 244 bytes
[2026-01-26 19:25:25] [DEBUG] [PROTOCOL] Received 244 bytes
[2026-01-26 19:25:25] [DEBUG] [PROTOCOL] Received 244 bytes
[2026-01-26 19:25:25] [DEBUG] [PROTOCOL] Received 244 bytes
[2026-01-26 19:25:25] [DEBUG] [PROTOCOL] Received 244 bytes
[2026-01-26 19:25:25] [DEBUG] [PROTOCOL] Received 244 bytes
[2026-01-26 19:25:25] [DEBUG] [PROTOCOL] Received 244 bytes
[2026-01-26 19:25:25] [DEBUG] [PROTOCOL] Received 244 bytes
[2026-01-26 19:25:25] [DEBUG] [PROTOCOL] Received 244 bytes
[2026-01-26 19:25:25] [DEBUG] [PROTOCOL] Received 244 bytes
[2026-01-26 19:25:25] [DEBUG] [PROTOCOL] Received 244 bytes
[2026-01-26 19:25:25] [DEBUG] [PROTOCOL] Received 244 bytes
[2026-01-26 19:25:25] [DEBUG] [PROTOCOL] Received 244 bytes
[2026-01-26 19:25:25] [DEBUG] [PROTOCOL] Received 244 bytes
[2026-01-26 19:25:25] [DEBUG] [PROTOCOL] Received 244 bytes
[2026-01-26 19:25:25] [DEBUG] [PROTOCOL] Received 244 bytes
[2026-01-26 19:25:25] [DEBUG] [PROTOCOL] Received 244 bytes
[2026-01-26 19:25:25] [DEBUG] [PROTOCOL] Received 244 bytes
[2026-01-26 19:25:25] [DEBUG] [PROTOCOL] Received 244 bytes
[2026-01-26 19:25:25] [DEBUG] [PROTOCOL] Received 244 bytes
[2026-01-26 19:25:25] [DEBUG] [PROTOCOL] Received 244 bytes
[2026-01-26 19:25:25] [DEBUG] [PROTOCOL] Received 244 bytes
[2026-01-26 19:25:25] [DEBUG] [PROTOCOL] Received 244 bytes
[2026-01-26 19:25:25] [DEBUG] [PROTOCOL] Received 244 bytes
[2026-01-26 19:25:25] [DEBUG] [PROTOCOL] Received 244 bytes
[2026-01-26 19:25:25] [DEBUG] [PROTOCOL] Received 244 bytes
[2026-01-26 19:25:25] [DEBUG] [PROTOCOL] Received 244 bytes
[2026-01-26 19:25:26] [DEBUG] [PROTOCOL] Received 244 bytes
[2026-01-26 19:25:26] [DEBUG] [PROTOCOL] Received 244 bytes
[2026-01-26 19:25:26] [DEBUG] [PROTOCOL] Received 244 bytes
[2026-01-26 19:25:26] [DEBUG] [PROTOCOL] Received 244 bytes
[2026-01-26 19:25:26] [DEBUG] [PROTOCOL] Received 244 bytes
[2026-01-26 19:25:26] [DEBUG] [PROTOCOL] Received 244 bytes
[2026-01-26 19:25:26] [DEBUG] [PROTOCOL] Received 244 bytes
[2026-01-26 19:25:26] [DEBUG] [PROTOCOL] Received 244 bytes
[2026-01-26 19:25:26] [DEBUG] [PROTOCOL] Received 244 bytes
[2026-01-26 19:25:26] [DEBUG] [PROTOCOL] Received 244 bytes
[2026-01-26 19:25:26] [DEBUG] [PROTOCOL] Received 244 bytes
[2026-01-26 19:25:26] [DEBUG] [PROTOCOL] Received 244 bytes
[2026-01-26 19:25:26] [DEBUG] [PROTOCOL] Received 244 bytes
[2026-01-26 19:25:26] [DEBUG] [PROTOCOL] Received 244 bytes
[2026-01-26 19:25:26] [DEBUG] [PROTOCOL] Received 244 bytes
[2026-01-26 19:25:26] [DEBUG] [PROTOCOL] Received 244 bytes
[2026-01-26 19:25:26] [DEBUG] [PROTOCOL] Received 244 bytes
[2026-01-26 19:25:26] [DEBUG] [PROTOCOL] Received 244 bytes
[2026-01-26 19:25:26] [DEBUG] [PROTOCOL] Received 244 bytes
[2026-01-26 19:25:26] [DEBUG] [PROTOCOL] Received 244 bytes
[2026-01-26 19:25:26] [DEBUG] [PROTOCOL] Received 244 bytes
[2026-01-26 19:25:26] [DEBUG] [PROTOCOL] Received 244 bytes
[2026-01-26 19:25:26] [DEBUG] [PROTOCOL] Received 244 bytes
[2026-01-26 19:25:26] [DEBUG] [PROTOCOL] Received 244 bytes
[2026-01-26 19:25:26] [DEBUG] [PROTOCOL] Received 244 bytes
[2026-01-26 19:25:26] [DEBUG] [PROTOCOL] Received 244 bytes
[2026-01-26 19:25:26] [DEBUG] [PROTOCOL] Received 244 bytes
[2026-01-26 19:25:26] [DEBUG] [PROTOCOL] Received 244 bytes
[2026-01-26 19:25:26] [DEBUG] [PROTOCOL] Received 244 bytes
[2026-01-26 19:25:26] [DEBUG] [PROTOCOL] Received 244 bytes
[2026-01-26 19:25:26] [DEBUG] [PROTOCOL] Received 244 bytes
[2026-01-26 19:25:26] [DEBUG] [PROTOCOL] Received 244 bytes
[2026-01-26 19:25:26] [DEBUG] [PROTOCOL] Received 244 bytes
[2026-01-26 19:25:26] [DEBUG] [PROTOCOL] Received 244 bytes
[2026-01-26 19:25:26] [DEBUG] [PROTOCOL] Received 244 bytes
[2026-01-26 19:25:26] [DEBUG] [PROTOCOL] Received 244 bytes
[2026-01-26 19:25:26] [DEBUG] [PROTOCOL] Received 244 bytes
[2026-01-26 19:25:27] [DEBUG] [PROTOCOL] Received 244 bytes
[2026-01-26 19:25:27] [DEBUG] [PROTOCOL] Received 244 bytes
[2026-01-26 19:25:27] [DEBUG] [PROTOCOL] Received 244 bytes
[2026-01-26 19:25:27] [DEBUG] [PROTOCOL] Received 244 bytes
[2026-01-26 19:25:27] [DEBUG] [PROTOCOL] Received 244 bytes
[2026-01-26 19:25:27] [DEBUG] [PROTOCOL] Received 244 bytes
[2026-01-26 19:25:27] [DEBUG] [PROTOCOL] Received 244 bytes
[2026-01-26 19:25:27] [DEBUG] [PROTOCOL] Received 244 bytes
[2026-01-26 19:25:27] [DEBUG] [PROTOCOL] Received 244 bytes
[2026-01-26 19:25:27] [DEBUG] [PROTOCOL] Received 244 bytes
[2026-01-26 19:25:27] [DEBUG] [PROTOCOL] Received 244 bytes
[2026-01-26 19:25:27] [DEBUG] [PROTOCOL] Received 244 bytes
[2026-01-26 19:25:27] [DEBUG] [PROTOCOL] Received 244 bytes
[2026-01-26 19:25:27] [DEBUG] [PROTOCOL] Received 244 bytes
[2026-01-26 19:25:27] [DEBUG] [PROTOCOL] Received 244 bytes
[2026-01-26 19:25:27] [DEBUG] [PROTOCOL] Received 244 bytes
[2026-01-26 19:25:27] [DEBUG] [PROTOCOL] Received 244 bytes
[2026-01-26 19:25:27] [DEBUG] [PROTOCOL] Received 244 bytes
[2026-01-26 19:25:27] [DEBUG] [PROTOCOL] Received 244 bytes
[2026-01-26 19:25:27] [DEBUG] [PROTOCOL] Received 244 bytes
[2026-01-26 19:25:27] [DEBUG] [PROTOCOL] Received 244 bytes
[2026-01-26 19:25:27] [DEBUG] [PROTOCOL] Received 244 bytes
[2026-01-26 19:25:27] [DEBUG] [PROTOCOL] Received 244 bytes
[2026-01-26 19:25:27] [DEBUG] [PROTOCOL] Received 244 bytes
[2026-01-26 19:25:27] [DEBUG] [PROTOCOL] Received 244 bytes
[2026-01-26 19:25:27] [DEBUG] [PROTOCOL] Received 244 bytes
[2026-01-26 19:25:27] [DEBUG] [PROTOCOL] Received 244 bytes
[2026-01-26 19:25:27] [DEBUG] [PROTOCOL] Received 244 bytes
[2026-01-26 19:25:27] [DEBUG] [PROTOCOL] Received 244 bytes
[2026-01-26 19:25:27] [DEBUG] [PROTOCOL] Received 244 bytes
[2026-01-26 19:25:27] [DEBUG] [PROTOCOL] Received 244 bytes
[2026-01-26 19:25:27] [DEBUG] [PROTOCOL] Received 244 bytes
[2026-01-26 19:25:27] [DEBUG] [PROTOCOL] Received 244 bytes
[2026-01-26 19:25:27] [DEBUG] [PROTOCOL] Received 244 bytes
[2026-01-26 19:25:27] [DEBUG] [PROTOCOL] Received 244 bytes
[2026-01-26 19:25:27] [DEBUG] [PROTOCOL] Received 244 bytes
[2026-01-26 19:25:27] [DEBUG] [PROTOCOL] Received 244 bytes
[2026-01-26 19:25:28] [DEBUG] [PROTOCOL] Received 244 bytes
[2026-01-26 19:25:28] [DEBUG] [PROTOCOL] Received 244 bytes
[2026-01-26 19:25:28] [DEBUG] [PROTOCOL] Received 244 bytes
[2026-01-26 19:25:28] [DEBUG] [PROTOCOL] Received 244 bytes
[2026-01-26 19:25:28] [DEBUG] [PROTOCOL] Received 244 bytes
[2026-01-26 19:25:28] [DEBUG] [PROTOCOL] Received 244 bytes
[2026-01-26 19:25:28] [DEBUG] [PROTOCOL] Received 244 bytes
[2026-01-26 19:25:28] [DEBUG] [PROTOCOL] Received 244 bytes
[2026-01-26 19:25:28] [DEBUG] [PROTOCOL] Received 244 bytes
[2026-01-26 19:25:28] [DEBUG] [PROTOCOL] Received 244 bytes
[2026-01-26 19:25:28] [DEBUG] [PROTOCOL] Received 244 bytes
[2026-01-26 19:25:28] [DEBUG] [PROTOCOL] Received 244 bytes
[2026-01-26 19:25:28] [DEBUG] [PROTOCOL] Received 244 bytes
[2026-01-26 19:25:28] [DEBUG] [PROTOCOL] Received 244 bytes
[2026-01-26 19:25:28] [DEBUG] [PROTOCOL] Received 244 bytes
[2026-01-26 19:25:28] [DEBUG] [PROTOCOL] Received 244 bytes
[2026-01-26 19:25:28] [DEBUG] [PROTOCOL] Received 244 bytes
[2026-01-26 19:25:28] [DEBUG] [PROTOCOL] Received 244 bytes
[2026-01-26 19:25:28] [DEBUG] [PROTOCOL] Received 244 bytes
[2026-01-26 19:25:28] [DEBUG] [PROTOCOL] Received 244 bytes
[2026-01-26 19:25:28] [DEBUG] [PROTOCOL] Received 244 bytes
[2026-01-26 19:25:28] [INFO] [GENERAL] Switched to NORMAL mode: expandable buffer (no data loss)
[2026-01-26 19:25:28] [DEBUG] [PROTOCOL] Built command packet: type=0x16
[2026-01-26 19:25:28] [DEBUG] [PROTOCOL] Built command packet: type=0x18
[2026-01-26 19:25:28] [DEBUG] [PROTOCOL] Received 244 bytes
[2026-01-26 19:25:28] [DEBUG] [PROTOCOL] Received 132 bytes
[2026-01-26 19:25:28] [DEBUG] [PROTOCOL] Received 244 bytes
[2026-01-26 19:25:28] [DEBUG] [PROTOCOL] Received 244 bytes
[2026-01-26 19:25:28] [DEBUG] [PROTOCOL] Received 244 bytes
[2026-01-26 19:25:28] [DEBUG] [PROTOCOL] Received 244 bytes
[2026-01-26 19:25:28] [DEBUG] [PROTOCOL] Received 244 bytes
[2026-01-26 19:25:28] [DEBUG] [PROTOCOL] Received 244 bytes
[2026-01-26 19:25:28] [DEBUG] [PROTOCOL] Received 244 bytes
[2026-01-26 19:25:28] [DEBUG] [PROTOCOL] Received 244 bytes
[2026-01-26 19:25:29] [DEBUG] [PROTOCOL] Received 244 bytes
[2026-01-26 19:25:29] [DEBUG] [PROTOCOL] Received 244 bytes
[2026-01-26 19:25:29] [DEBUG] [PROTOCOL] Received 244 bytes
[2026-01-26 19:25:29] [DEBUG] [PROTOCOL] Received 244 bytes
[2026-01-26 19:25:29] [DEBUG] [PROTOCOL] Received 244 bytes
[2026-01-26 19:25:29] [DEBUG] [PROTOCOL] Received 244 bytes
[2026-01-26 19:25:29] [DEBUG] [PROTOCOL] Received 244 bytes
[2026-01-26 19:25:29] [DEBUG] [PROTOCOL] Received 244 bytes
[2026-01-26 19:25:29] [DEBUG] [PROTOCOL] Received 244 bytes
[2026-01-26 19:25:29] [DEBUG] [PROTOCOL] Received 244 bytes
[2026-01-26 19:25:29] [DEBUG] [PROTOCOL] Received 244 bytes
[2026-01-26 19:25:29] [DEBUG] [PROTOCOL] Received 244 bytes
[2026-01-26 19:25:29] [DEBUG] [PROTOCOL] Received 244 bytes
[2026-01-26 19:25:29] [DEBUG] [PROTOCOL] Received 244 bytes
[2026-01-26 19:25:29] [DEBUG] [PROTOCOL] Received 244 bytes
[2026-01-26 19:25:29] [DEBUG] [PROTOCOL] Received 244 bytes
[2026-01-26 19:25:29] [DEBUG] [PROTOCOL] Built command packet: type=0x16
[2026-01-26 19:25:29] [DEBUG] [PROTOCOL] Extracted 50/50 packets
[2026-01-26 19:25:29] [DEBUG] [PROTOCOL] Received 244 bytes
[2026-01-26 19:25:29] [DEBUG] [PROTOCOL] Received 244 bytes
[2026-01-26 19:25:29] [DEBUG] [PROTOCOL] Received 100 bytes
[2026-01-26 19:25:29] [DEBUG] [PROTOCOL] Built command packet: type=0x18
[2026-01-26 19:25:29] [DEBUG] [PROTOCOL] Received 244 bytes
[2026-01-26 19:25:29] [DEBUG] [PROTOCOL] Received 244 bytes
[2026-01-26 19:25:29] [DEBUG] [PROTOCOL] Received 244 bytes
[2026-01-26 19:25:29] [DEBUG] [PROTOCOL] Received 244 bytes
[2026-01-26 19:25:29] [DEBUG] [PROTOCOL] Received 244 bytes
[2026-01-26 19:25:29] [DEBUG] [PROTOCOL] Received 244 bytes
[2026-01-26 19:25:29] [DEBUG] [PROTOCOL] Received 244 bytes
[2026-01-26 19:25:29] [DEBUG] [PROTOCOL] Received 244 bytes
[2026-01-26 19:25:29] [DEBUG] [PROTOCOL] Received 244 bytes
[2026-01-26 19:25:29] [DEBUG] [PROTOCOL] Received 244 bytes
[2026-01-26 19:25:29] [DEBUG] [PROTOCOL] Received 244 bytes
[2026-01-26 19:25:29] [DEBUG] [PROTOCOL] Received 244 bytes
[2026-01-26 19:25:29] [DEBUG] [PROTOCOL] Received 244 bytes
[2026-01-26 19:25:30] [DEBUG] [PROTOCOL] Received 244 bytes
[2026-01-26 19:25:30] [DEBUG] [PROTOCOL] Received 244 bytes
[2026-01-26 19:25:30] [DEBUG] [PROTOCOL] Received 244 bytes
[2026-01-26 19:25:30] [DEBUG] [PROTOCOL] Received 244 bytes
[2026-01-26 19:25:30] [DEBUG] [PROTOCOL] Received 244 bytes
[2026-01-26 19:25:30] [DEBUG] [PROTOCOL] Received 244 bytes
[2026-01-26 19:25:30] [DEBUG] [PROTOCOL] Received 244 bytes
[2026-01-26 19:25:30] [DEBUG] [PROTOCOL] Received 244 bytes
[2026-01-26 19:25:30] [DEBUG] [PROTOCOL] Received 244 bytes
[2026-01-26 19:25:30] [DEBUG] [PROTOCOL] Received 244 bytes
[2026-01-26 19:25:30] [DEBUG] [PROTOCOL] Received 244 bytes
[2026-01-26 19:25:30] [DEBUG] [PROTOCOL] Received 244 bytes
[2026-01-26 19:25:30] [DEBUG] [PROTOCOL] Received 244 bytes
[2026-01-26 19:25:30] [DEBUG] [PROTOCOL] Received 244 bytes
[2026-01-26 19:25:30] [DEBUG] [PROTOCOL] Built command packet: type=0x16
[2026-01-26 19:25:30] [DEBUG] [PROTOCOL] Extracted 50/50 packets
[2026-01-26 19:25:30] [DEBUG] [PROTOCOL] Received 244 bytes
[2026-01-26 19:25:30] [DEBUG] [PROTOCOL] Received 152 bytes
[2026-01-26 19:25:30] [DEBUG] [PROTOCOL] Built command packet: type=0x18
[2026-01-26 19:25:30] [DEBUG] [PROTOCOL] Received 244 bytes
[2026-01-26 19:25:30] [DEBUG] [PROTOCOL] Received 244 bytes
[2026-01-26 19:25:30] [DEBUG] [PROTOCOL] Received 244 bytes
[2026-01-26 19:25:30] [DEBUG] [PROTOCOL] Received 244 bytes
[2026-01-26 19:25:30] [DEBUG] [PROTOCOL] Received 244 bytes
[2026-01-26 19:25:30] [DEBUG] [PROTOCOL] Received 244 bytes
[2026-01-26 19:25:30] [DEBUG] [PROTOCOL] Received 244 bytes
[2026-01-26 19:25:30] [DEBUG] [PROTOCOL] Received 244 bytes
[2026-01-26 19:25:30] [DEBUG] [PROTOCOL] Received 244 bytes
[2026-01-26 19:25:30] [DEBUG] [PROTOCOL] Received 244 bytes
[2026-01-26 19:25:30] [DEBUG] [PROTOCOL] Received 244 bytes
[2026-01-26 19:25:30] [DEBUG] [PROTOCOL] Received 244 bytes
[2026-01-26 19:25:30] [DEBUG] [PROTOCOL] Received 244 bytes
[2026-01-26 19:25:30] [DEBUG] [PROTOCOL] Received 244 bytes
[2026-01-26 19:25:30] [DEBUG] [PROTOCOL] Received 244 bytes
[2026-01-26 19:25:31] [DEBUG] [PROTOCOL] Received 244 bytes
[2026-01-26 19:25:31] [DEBUG] [PROTOCOL] Received 244 bytes
[2026-01-26 19:25:31] [DEBUG] [PROTOCOL] Received 244 bytes
[2026-01-26 19:25:31] [DEBUG] [PROTOCOL] Received 244 bytes
[2026-01-26 19:25:31] [DEBUG] [PROTOCOL] Received 244 bytes
[2026-01-26 19:25:31] [DEBUG] [PROTOCOL] Received 244 bytes
[2026-01-26 19:25:31] [DEBUG] [PROTOCOL] Received 244 bytes
[2026-01-26 19:25:31] [DEBUG] [PROTOCOL] Received 244 bytes
[2026-01-26 19:25:31] [DEBUG] [PROTOCOL] Received 244 bytes
[2026-01-26 19:25:31] [DEBUG] [PROTOCOL] Received 244 bytes
[2026-01-26 19:25:31] [DEBUG] [PROTOCOL] Received 244 bytes
[2026-01-26 19:25:31] [DEBUG] [PROTOCOL] Received 244 bytes
[2026-01-26 19:25:31] [DEBUG] [PROTOCOL] Received 244 bytes
[2026-01-26 19:25:31] [DEBUG] [PROTOCOL] Received 244 bytes
[2026-01-26 19:25:31] [DEBUG] [PROTOCOL] Received 244 bytes
[2026-01-26 19:25:31] [DEBUG] [PROTOCOL] Received 244 bytes
[2026-01-26 19:25:31] [DEBUG] [PROTOCOL] Received 244 bytes
[2026-01-26 19:25:31] [DEBUG] [PROTOCOL] Received 244 bytes
[2026-01-26 19:25:31] [DEBUG] [PROTOCOL] Received 244 bytes
[2026-01-26 19:25:31] [DEBUG] [PROTOCOL] Received 244 bytes
[2026-01-26 19:25:31] [DEBUG] [PROTOCOL] Received 244 bytes
[2026-01-26 19:25:31] [DEBUG] [PROTOCOL] Received 244 bytes
[2026-01-26 19:25:31] [DEBUG] [PROTOCOL] Received 244 bytes
[2026-01-26 19:25:31] [DEBUG] [PROTOCOL] Received 244 bytes
[2026-01-26 19:25:31] [DEBUG] [PROTOCOL] Received 244 bytes
[2026-01-26 19:25:31] [DEBUG] [PROTOCOL] Received 244 bytes
[2026-01-26 19:25:31] [DEBUG] [PROTOCOL] Received 244 bytes
[2026-01-26 19:25:31] [DEBUG] [PROTOCOL] Received 244 bytes
[2026-01-26 19:25:31] [DEBUG] [PROTOCOL] Received 244 bytes
[2026-01-26 19:25:31] [DEBUG] [PROTOCOL] Received 244 bytes
[2026-01-26 19:25:31] [DEBUG] [PROTOCOL] Received 244 bytes
[2026-01-26 19:25:31] [DEBUG] [PROTOCOL] Received 244 bytes
[2026-01-26 19:25:31] [DEBUG] [PROTOCOL] Received 244 bytes
[2026-01-26 19:25:31] [DEBUG] [PROTOCOL] Built command packet: type=0x16
[2026-01-26 19:25:31] [DEBUG] [PROTOCOL] Built command packet: type=0x18
[2026-01-26 19:25:31] [DEBUG] [PROTOCOL] Built command packet: type=0x16
[2026-01-26 19:25:31] [DEBUG] [PROTOCOL] Extracted 50/50 packets
[2026-01-26 19:25:31] [DEBUG] [PROTOCOL] Extracted 50/50 packets
[2026-01-26 19:25:31] [DEBUG] [PROTOCOL] Extracted 50/50 packets
[2026-01-26 19:25:31] [DEBUG] [PROTOCOL] Extracted 50/50 packets
[2026-01-26 19:25:31] [DEBUG] [PROTOCOL] Extracted 50/50 packets
[2026-01-26 19:25:31] [DEBUG] [PROTOCOL] Received 244 bytes
[2026-01-26 19:25:31] [DEBUG] [PROTOCOL] Extracted 50/50 packets
[2026-01-26 19:25:31] [DEBUG] [PROTOCOL] Extracted 50/50 packets
[2026-01-26 19:25:31] [DEBUG] [PROTOCOL] Extracted 50/50 packets
[2026-01-26 19:25:31] [DEBUG] [PROTOCOL] Extracted 50/50 packets
[2026-01-26 19:25:31] [DEBUG] [PROTOCOL] Extracted 50/50 packets
[2026-01-26 19:25:31] [DEBUG] [PROTOCOL] Received 244 bytes
[2026-01-26 19:25:31] [DEBUG] [PROTOCOL] Extracted 50/50 packets
[2026-01-26 19:25:31] [DEBUG] [PROTOCOL] Extracted 50/50 packets
[2026-01-26 19:25:31] [DEBUG] [PROTOCOL] Extracted 21/21 packets
[2026-01-26 19:25:32] [DEBUG] [PROTOCOL] Received 40 bytes
[2026-01-26 19:25:32] [DEBUG] [PROTOCOL] Extracted 1/1 packets
[2026-01-26 19:25:32] [DEBUG] [PROTOCOL] Received 244 bytes
[2026-01-26 19:25:32] [DEBUG] [PROTOCOL] Extracted 7/7 packets
[2026-01-26 19:25:32] [DEBUG] [PROTOCOL] Received 244 bytes
[2026-01-26 19:25:32] [DEBUG] [PROTOCOL] Extracted 7/7 packets
[2026-01-26 19:25:32] [DEBUG] [PROTOCOL] Received 244 bytes
[2026-01-26 19:25:32] [DEBUG] [PROTOCOL] Extracted 7/7 packets
[2026-01-26 19:25:32] [DEBUG] [PROTOCOL] Received 244 bytes
[2026-01-26 19:25:32] [DEBUG] [PROTOCOL] Extracted 7/7 packets
[2026-01-26 19:25:32] [DEBUG] [PROTOCOL] Received 244 bytes
[2026-01-26 19:25:32] [DEBUG] [PROTOCOL] Extracted 6/6 packets
[2026-01-26 19:25:32] [DEBUG] [PROTOCOL] Received 244 bytes
[2026-01-26 19:25:32] [DEBUG] [PROTOCOL] Extracted 7/7 packets
[2026-01-26 19:25:32] [DEBUG] [PROTOCOL] Received 244 bytes
[2026-01-26 19:25:32] [DEBUG] [PROTOCOL] Extracted 7/7 packets
[2026-01-26 19:25:32] [DEBUG] [PROTOCOL] Received 244 bytes
[2026-01-26 19:25:32] [DEBUG] [PROTOCOL] Extracted 7/7 packets
[2026-01-26 19:25:32] [DEBUG] [PROTOCOL] Received 244 bytes
[2026-01-26 19:25:32] [DEBUG] [PROTOCOL] Extracted 6/6 packets
[2026-01-26 19:25:32] [DEBUG] [PROTOCOL] Received 244 bytes
[2026-01-26 19:25:32] [DEBUG] [PROTOCOL] Extracted 7/7 packets
[2026-01-26 19:25:32] [DEBUG] [PROTOCOL] Received 244 bytes
[2026-01-26 19:25:32] [DEBUG] [PROTOCOL] Extracted 7/7 packets
[2026-01-26 19:25:32] [DEBUG] [PROTOCOL] Received 244 bytes
[2026-01-26 19:25:32] [DEBUG] [PROTOCOL] Extracted 7/7 packets
[2026-01-26 19:25:32] [DEBUG] [PROTOCOL] Received 244 bytes
[2026-01-26 19:25:32] [DEBUG] [PROTOCOL] Extracted 7/7 packets
[2026-01-26 19:25:32] [DEBUG] [PROTOCOL] Received 244 bytes
[2026-01-26 19:25:32] [DEBUG] [PROTOCOL] Extracted 6/6 packets
[2026-01-26 19:25:32] [DEBUG] [PROTOCOL] Received 244 bytes
[2026-01-26 19:25:32] [DEBUG] [PROTOCOL] Extracted 7/7 packets
[2026-01-26 19:25:32] [DEBUG] [PROTOCOL] Received 244 bytes
[2026-01-26 19:25:32] [DEBUG] [PROTOCOL] Extracted 7/7 packets
[2026-01-26 19:25:32] [DEBUG] [PROTOCOL] Received 244 bytes
[2026-01-26 19:25:32] [DEBUG] [PROTOCOL] Extracted 7/7 packets
[2026-01-26 19:25:32] [DEBUG] [PROTOCOL] Received 244 bytes
[2026-01-26 19:25:32] [DEBUG] [PROTOCOL] Extracted 6/6 packets
[2026-01-26 19:25:32] [DEBUG] [PROTOCOL] Received 244 bytes
[2026-01-26 19:25:32] [DEBUG] [PROTOCOL] Extracted 7/7 packets
[2026-01-26 19:25:32] [DEBUG] [PROTOCOL] Received 244 bytes
[2026-01-26 19:25:32] [DEBUG] [PROTOCOL] Extracted 7/7 packets
[2026-01-26 19:25:32] [DEBUG] [PROTOCOL] Received 244 bytes
[2026-01-26 19:25:32] [DEBUG] [PROTOCOL] Extracted 7/7 packets
[2026-01-26 19:25:32] [DEBUG] [PROTOCOL] Received 244 bytes
[2026-01-26 19:25:32] [DEBUG] [PROTOCOL] Extracted 7/7 packets
[2026-01-26 19:25:32] [DEBUG] [PROTOCOL] Received 244 bytes
[2026-01-26 19:25:32] [DEBUG] [PROTOCOL] Extracted 6/6 packets
[2026-01-26 19:25:32] [DEBUG] [PROTOCOL] Received 244 bytes
[2026-01-26 19:25:32] [DEBUG] [PROTOCOL] Extracted 7/7 packets
[2026-01-26 19:25:32] [DEBUG] [PROTOCOL] Received 244 bytes
[2026-01-26 19:25:32] [DEBUG] [PROTOCOL] Extracted 7/7 packets
[2026-01-26 19:25:32] [DEBUG] [PROTOCOL] Received 244 bytes
[2026-01-26 19:25:32] [DEBUG] [PROTOCOL] Extracted 7/7 packets
[2026-01-26 19:25:32] [DEBUG] [PROTOCOL] Received 244 bytes
[2026-01-26 19:25:32] [DEBUG] [PROTOCOL] Extracted 6/6 packets
[2026-01-26 19:25:32] [DEBUG] [PROTOCOL] Received 244 bytes
[2026-01-26 19:25:32] [DEBUG] [PROTOCOL] Extracted 7/7 packets
[2026-01-26 19:25:32] [DEBUG] [PROTOCOL] Received 244 bytes
[2026-01-26 19:25:32] [DEBUG] [PROTOCOL] Extracted 7/7 packets
[2026-01-26 19:25:32] [DEBUG] [PROTOCOL] Received 244 bytes
[2026-01-26 19:25:32] [DEBUG] [PROTOCOL] Extracted 7/7 packets
[2026-01-26 19:25:32] [DEBUG] [PROTOCOL] Received 244 bytes
[2026-01-26 19:25:32] [DEBUG] [PROTOCOL] Extracted 7/7 packets
[2026-01-26 19:25:32] [DEBUG] [PROTOCOL] Received 244 bytes
[2026-01-26 19:25:32] [DEBUG] [PROTOCOL] Extracted 6/6 packets
[2026-01-26 19:25:32] [DEBUG] [PROTOCOL] Received 244 bytes
[2026-01-26 19:25:32] [DEBUG] [PROTOCOL] Extracted 7/7 packets
[2026-01-26 19:25:33] [DEBUG] [PROTOCOL] Received 244 bytes
[2026-01-26 19:25:33] [DEBUG] [PROTOCOL] Extracted 7/7 packets
[2026-01-26 19:25:33] [DEBUG] [PROTOCOL] Received 244 bytes
[2026-01-26 19:25:33] [DEBUG] [PROTOCOL] Extracted 7/7 packets
[2026-01-26 19:25:33] [DEBUG] [PROTOCOL] Received 244 bytes
[2026-01-26 19:25:33] [DEBUG] [PROTOCOL] Extracted 6/6 packets
[2026-01-26 19:25:33] [DEBUG] [PROTOCOL] Received 244 bytes
[2026-01-26 19:25:33] [DEBUG] [PROTOCOL] Extracted 7/7 packets
[2026-01-26 19:25:33] [DEBUG] [PROTOCOL] Received 244 bytes
[2026-01-26 19:25:33] [DEBUG] [PROTOCOL] Extracted 7/7 packets
[2026-01-26 19:25:33] [DEBUG] [PROTOCOL] Received 244 bytes
[2026-01-26 19:25:33] [DEBUG] [PROTOCOL] Extracted 7/7 packets
[2026-01-26 19:25:33] [DEBUG] [PROTOCOL] Received 244 bytes
[2026-01-26 19:25:33] [DEBUG] [PROTOCOL] Extracted 7/7 packets
[2026-01-26 19:25:33] [DEBUG] [PROTOCOL] Received 244 bytes
[2026-01-26 19:25:33] [DEBUG] [PROTOCOL] Extracted 6/6 packets
[2026-01-26 19:25:33] [DEBUG] [PROTOCOL] Received 244 bytes
[2026-01-26 19:25:33] [DEBUG] [PROTOCOL] Extracted 7/7 packets
[2026-01-26 19:25:33] [DEBUG] [PROTOCOL] Received 244 bytes
[2026-01-26 19:25:33] [DEBUG] [PROTOCOL] Extracted 7/7 packets
[2026-01-26 19:25:33] [DEBUG] [PROTOCOL] Received 244 bytes
[2026-01-26 19:25:33] [DEBUG] [PROTOCOL] Extracted 7/7 packets
[2026-01-26 19:25:33] [DEBUG] [PROTOCOL] Received 244 bytes
[2026-01-26 19:25:33] [DEBUG] [PROTOCOL] Extracted 6/6 packets
[2026-01-26 19:25:33] [DEBUG] [PROTOCOL] Received 244 bytes
[2026-01-26 19:25:33] [DEBUG] [PROTOCOL] Extracted 7/7 packets
[2026-01-26 19:25:33] [DEBUG] [PROTOCOL] Received 244 bytes
[2026-01-26 19:25:33] [DEBUG] [PROTOCOL] Extracted 7/7 packets
[2026-01-26 19:25:33] [DEBUG] [PROTOCOL] Received 244 bytes
[2026-01-26 19:25:33] [DEBUG] [PROTOCOL] Extracted 7/7 packets
[2026-01-26 19:25:33] [DEBUG] [PROTOCOL] Received 244 bytes
[2026-01-26 19:25:33] [DEBUG] [PROTOCOL] Extracted 7/7 packets
[2026-01-26 19:25:33] [DEBUG] [PROTOCOL] Received 244 bytes
[2026-01-26 19:25:33] [DEBUG] [PROTOCOL] Extracted 6/6 packets
[2026-01-26 19:25:33] [DEBUG] [PROTOCOL] Received 244 bytes
[2026-01-26 19:25:33] [DEBUG] [PROTOCOL] Extracted 7/7 packets
[2026-01-26 19:25:33] [DEBUG] [PROTOCOL] Received 244 bytes
[2026-01-26 19:25:33] [DEBUG] [PROTOCOL] Extracted 7/7 packets
[2026-01-26 19:25:33] [DEBUG] [PROTOCOL] Received 244 bytes
[2026-01-26 19:25:33] [DEBUG] [PROTOCOL] Extracted 7/7 packets
[2026-01-26 19:25:33] [DEBUG] [PROTOCOL] Received 244 bytes
[2026-01-26 19:25:33] [DEBUG] [PROTOCOL] Extracted 6/6 packets
[2026-01-26 19:25:33] [DEBUG] [PROTOCOL] Received 244 bytes
[2026-01-26 19:25:33] [DEBUG] [PROTOCOL] Extracted 7/7 packets
[2026-01-26 19:25:33] [DEBUG] [PROTOCOL] Received 244 bytes
[2026-01-26 19:25:33] [DEBUG] [PROTOCOL] Extracted 7/7 packets
[2026-01-26 19:25:33] [DEBUG] [PROTOCOL] Received 244 bytes
[2026-01-26 19:25:33] [DEBUG] [PROTOCOL] Extracted 7/7 packets
[2026-01-26 19:25:33] [DEBUG] [PROTOCOL] Received 244 bytes
[2026-01-26 19:25:33] [DEBUG] [PROTOCOL] Extracted 7/7 packets
[2026-01-26 19:25:33] [DEBUG] [PROTOCOL] Received 244 bytes
[2026-01-26 19:25:33] [DEBUG] [PROTOCOL] Extracted 6/6 packets
[2026-01-26 19:25:33] [DEBUG] [PROTOCOL] Received 244 bytes
[2026-01-26 19:25:33] [DEBUG] [PROTOCOL] Extracted 7/7 packets
[2026-01-26 19:25:33] [DEBUG] [PROTOCOL] Received 244 bytes
[2026-01-26 19:25:33] [DEBUG] [PROTOCOL] Extracted 7/7 packets
[2026-01-26 19:25:33] [DEBUG] [PROTOCOL] Received 244 bytes
[2026-01-26 19:25:33] [DEBUG] [PROTOCOL] Extracted 7/7 packets
[2026-01-26 19:25:33] [DEBUG] [PROTOCOL] Received 244 bytes
[2026-01-26 19:25:33] [DEBUG] [PROTOCOL] Extracted 6/6 packets
[2026-01-26 19:25:33] [DEBUG] [PROTOCOL] Received 244 bytes
[2026-01-26 19:25:33] [DEBUG] [PROTOCOL] Extracted 7/7 packets
[2026-01-26 19:25:33] [DEBUG] [PROTOCOL] Received 244 bytes
[2026-01-26 19:25:33] [DEBUG] [PROTOCOL] Extracted 7/7 packets
[2026-01-26 19:25:33] [DEBUG] [PROTOCOL] Received 244 bytes
[2026-01-26 19:25:33] [DEBUG] [PROTOCOL] Extracted 7/7 packets
[2026-01-26 19:25:33] [DEBUG] [PROTOCOL] Received 244 bytes
[2026-01-26 19:25:33] [DEBUG] [PROTOCOL] Extracted 7/7 packets
[2026-01-26 19:25:33] [DEBUG] [PROTOCOL] Received 244 bytes
[2026-01-26 19:25:33] [DEBUG] [PROTOCOL] Extracted 6/6 packets
[2026-01-26 19:25:33] [DEBUG] [PROTOCOL] Received 244 bytes
[2026-01-26 19:25:33] [DEBUG] [PROTOCOL] Extracted 7/7 packets
[2026-01-26 19:25:33] [DEBUG] [PROTOCOL] Received 244 bytes
[2026-01-26 19:25:33] [DEBUG] [PROTOCOL] Extracted 7/7 packets
[2026-01-26 19:25:34] [DEBUG] [PROTOCOL] Received 244 bytes
[2026-01-26 19:25:34] [DEBUG] [PROTOCOL] Extracted 7/7 packets
[2026-01-26 19:25:34] [DEBUG] [PROTOCOL] Received 244 bytes
[2026-01-26 19:25:34] [DEBUG] [PROTOCOL] Extracted 6/6 packets
[2026-01-26 19:30:41] [INFO] [GENERAL] MDP SDK Loaded
[2026-01-26 19:30:56] [DEBUG] [PROTOCOL] Received 244 bytes
[2026-01-26 19:30:56] [DEBUG] [PROTOCOL] Built command packet: type=0x16
[2026-01-26 19:30:56] [DEBUG] [PROTOCOL] Built command packet: type=0x18
[2026-01-26 19:30:56] [DEBUG] [PROTOCOL] Received 244 bytes
[2026-01-26 19:30:56] [DEBUG] [PROTOCOL] Received 244 bytes
[2026-01-26 19:30:56] [DEBUG] [PROTOCOL] Received 244 bytes
[2026-01-26 19:30:56] [DEBUG] [PROTOCOL] Received 244 bytes
[2026-01-26 19:30:56] [DEBUG] [PROTOCOL] Received 244 bytes
[2026-01-26 19:30:56] [DEBUG] [PROTOCOL] Received 244 bytes
[2026-01-26 19:30:56] [DEBUG] [PROTOCOL] Received 244 bytes
[2026-01-26 19:30:56] [DEBUG] [PROTOCOL] Received 244 bytes
[2026-01-26 19:30:56] [DEBUG] [PROTOCOL] Received 244 bytes
[2026-01-26 19:30:56] [DEBUG] [PROTOCOL] Received 244 bytes
[2026-01-26 19:30:56] [DEBUG] [PROTOCOL] Received 244 bytes
[2026-01-26 19:30:56] [DEBUG] [PROTOCOL] Received 244 bytes
[2026-01-26 19:30:56] [DEBUG] [PROTOCOL] Received 244 bytes
[2026-01-26 19:30:56] [DEBUG] [PROTOCOL] Received 244 bytes
[2026-01-26 19:30:56] [DEBUG] [PROTOCOL] Received 244 bytes
[2026-01-26 19:30:56] [DEBUG] [PROTOCOL] Received 244 bytes
[2026-01-26 19:30:56] [DEBUG] [PROTOCOL] Received 244 bytes
[2026-01-26 19:30:56] [DEBUG] [PROTOCOL] Received 244 bytes
[2026-01-26 19:30:56] [DEBUG] [PROTOCOL] Received 244 bytes
[2026-01-26 19:30:56] [DEBUG] [PROTOCOL] Received 244 bytes
[2026-01-26 19:30:56] [DEBUG] [PROTOCOL] Received 244 bytes
[2026-01-26 19:30:56] [DEBUG] [PROTOCOL] Received 244 bytes
[2026-01-26 19:30:56] [DEBUG] [PROTOCOL] Received 244 bytes
[2026-01-26 19:30:57] [DEBUG] [PROTOCOL] Received 244 bytes
[2026-01-26 19:30:57] [DEBUG] [PROTOCOL] Received 244 bytes
[2026-01-26 19:30:57] [DEBUG] [PROTOCOL] Received 244 bytes
[2026-01-26 19:30:57] [DEBUG] [PROTOCOL] Received 244 bytes
[2026-01-26 19:30:57] [DEBUG] [PROTOCOL] Received 244 bytes
[2026-01-26 19:30:57] [DEBUG] [PROTOCOL] Received 244 bytes
[2026-01-26 19:30:57] [DEBUG] [PROTOCOL] Received 244 bytes
[2026-01-26 19:30:57] [DEBUG] [PROTOCOL] Received 244 bytes
[2026-01-26 19:30:57] [DEBUG] [PROTOCOL] Received 244 bytes
[2026-01-26 19:30:57] [DEBUG] [PROTOCOL] Received 244 bytes
[2026-01-26 19:30:57] [DEBUG] [PROTOCOL] Received 244 bytes
[2026-01-26 19:30:57] [DEBUG] [PROTOCOL] Received 244 bytes
[2026-01-26 19:30:57] [DEBUG] [PROTOCOL] Received 244 bytes
[2026-01-26 19:30:57] [DEBUG] [PROTOCOL] Received 244 bytes
[2026-01-26 19:30:57] [DEBUG] [PROTOCOL] Received 244 bytes
[2026-01-26 19:30:57] [DEBUG] [PROTOCOL] Received 244 bytes
[2026-01-26 19:30:57] [DEBUG] [PROTOCOL] Received 244 bytes
[2026-01-26 19:30:57] [DEBUG] [PROTOCOL] Received 244 bytes
[2026-01-26 19:30:57] [DEBUG] [PROTOCOL] Received 244 bytes
[2026-01-26 19:30:57] [DEBUG] [PROTOCOL] Received 244 bytes
[2026-01-26 19:30:57] [DEBUG] [PROTOCOL] Received 244 bytes
[2026-01-26 19:30:57] [DEBUG] [PROTOCOL] Received 244 bytes
[2026-01-26 19:30:57] [DEBUG] [PROTOCOL] Received 244 bytes
[2026-01-26 19:30:57] [DEBUG] [PROTOCOL] Received 244 bytes
[2026-01-26 19:30:57] [DEBUG] [PROTOCOL] Received 244 bytes
[2026-01-26 19:30:57] [DEBUG] [PROTOCOL] Received 244 bytes
[2026-01-26 19:30:57] [DEBUG] [PROTOCOL] Received 244 bytes
[2026-01-26 19:30:57] [DEBUG] [PROTOCOL] Received 244 bytes
[2026-01-26 19:30:57] [DEBUG] [PROTOCOL] Received 244 bytes
[2026-01-26 19:30:57] [DEBUG] [PROTOCOL] Received 244 bytes
[2026-01-26 19:30:57] [DEBUG] [PROTOCOL] Received 244 bytes
[2026-01-26 19:30:57] [DEBUG] [PROTOCOL] Received 244 bytes
[2026-01-26 19:30:57] [DEBUG] [PROTOCOL] Received 244 bytes
[2026-01-26 19:30:57] [DEBUG] [PROTOCOL] Received 244 bytes
[2026-01-26 19:30:57] [DEBUG] [PROTOCOL] Received 244 bytes
[2026-01-26 19:30:57] [DEBUG] [PROTOCOL] Received 244 bytes
[2026-01-26 19:30:57] [DEBUG] [PROTOCOL] Received 244 bytes
[2026-01-26 19:30:58] [DEBUG] [PROTOCOL] Received 244 bytes
[2026-01-26 19:30:58] [DEBUG] [PROTOCOL] Received 244 bytes
[2026-01-26 19:30:58] [DEBUG] [PROTOCOL] Received 244 bytes
[2026-01-26 19:30:58] [DEBUG] [PROTOCOL] Received 244 bytes
[2026-01-26 19:30:58] [DEBUG] [PROTOCOL] Received 244 bytes
[2026-01-26 19:30:58] [DEBUG] [PROTOCOL] Received 244 bytes
[2026-01-26 19:30:58] [DEBUG] [PROTOCOL] Received 244 bytes
[2026-01-26 19:30:58] [DEBUG] [PROTOCOL] Received 244 bytes
[2026-01-26 19:30:58] [DEBUG] [PROTOCOL] Received 244 bytes
[2026-01-26 19:30:58] [DEBUG] [PROTOCOL] Received 244 bytes
[2026-01-26 19:30:58] [DEBUG] [PROTOCOL] Received 244 bytes
[2026-01-26 19:30:58] [DEBUG] [PROTOCOL] Received 244 bytes
[2026-01-26 19:30:58] [DEBUG] [PROTOCOL] Received 244 bytes
[2026-01-26 19:30:58] [DEBUG] [PROTOCOL] Received 244 bytes
[2026-01-26 19:30:58] [DEBUG] [PROTOCOL] Received 244 bytes
[2026-01-26 19:30:58] [DEBUG] [PROTOCOL] Received 244 bytes
[2026-01-26 19:30:58] [DEBUG] [PROTOCOL] Received 244 bytes
[2026-01-26 19:30:58] [DEBUG] [PROTOCOL] Received 244 bytes
[2026-01-26 19:30:58] [DEBUG] [PROTOCOL] Received 244 bytes
[2026-01-26 19:30:58] [DEBUG] [PROTOCOL] Received 244 bytes
[2026-01-26 19:30:58] [DEBUG] [PROTOCOL] Received 244 bytes
[2026-01-26 19:30:58] [DEBUG] [PROTOCOL] Received 244 bytes
[2026-01-26 19:30:58] [DEBUG] [PROTOCOL] Received 244 bytes
[2026-01-26 19:30:58] [DEBUG] [PROTOCOL] Received 244 bytes
[2026-01-26 19:30:58] [DEBUG] [PROTOCOL] Received 244 bytes
[2026-01-26 19:30:58] [DEBUG] [PROTOCOL] Received 244 bytes
[2026-01-26 19:30:58] [DEBUG] [PROTOCOL] Received 244 bytes
[2026-01-26 19:30:58] [INFO] [GENERAL] Switched to IMPEDANCE mode: ring buffer (latest data only)
[2026-01-26 19:30:58] [DEBUG] [PROTOCOL] Built command packet: type=0x17
[2026-01-26 19:30:58] [DEBUG] [PROTOCOL] Received 244 bytes
[2026-01-26 19:30:58] [DEBUG] [PROTOCOL] Impedance: processed 6 packets
[2026-01-26 19:30:58] [INFO] [GENERAL] Insufficient data for impedance calculation
[2026-01-26 19:30:58] [INFO] [GENERAL] Window fill: 6/32
[2026-01-26 19:30:58] [DEBUG] [PROTOCOL] Built command packet: type=0x18
[2026-01-26 19:30:58] [DEBUG] [PROTOCOL] Received 244 bytes
[2026-01-26 19:30:58] [DEBUG] [PROTOCOL] Received 244 bytes
[2026-01-26 19:30:58] [DEBUG] [PROTOCOL] Received 244 bytes
[2026-01-26 19:30:58] [DEBUG] [PROTOCOL] Received 244 bytes
[2026-01-26 19:30:58] [DEBUG] [PROTOCOL] Received 244 bytes
[2026-01-26 19:30:58] [DEBUG] [PROTOCOL] Received 244 bytes
[2026-01-26 19:30:58] [DEBUG] [PROTOCOL] Received 244 bytes
[2026-01-26 19:30:58] [DEBUG] [PROTOCOL] Received 244 bytes
[2026-01-26 19:30:58] [DEBUG] [PROTOCOL] Received 244 bytes
[2026-01-26 19:30:59] [DEBUG] [PROTOCOL] Received 244 bytes
[2026-01-26 19:30:59] [DEBUG] [PROTOCOL] Received 244 bytes
[2026-01-26 19:30:59] [DEBUG] [PROTOCOL] Received 244 bytes
[2026-01-26 19:30:59] [DEBUG] [PROTOCOL] Received 244 bytes
[2026-01-26 19:30:59] [DEBUG] [PROTOCOL] Received 244 bytes
[2026-01-26 19:30:59] [DEBUG] [PROTOCOL] Received 244 bytes
[2026-01-26 19:30:59] [DEBUG] [PROTOCOL] Received 244 bytes
[2026-01-26 19:30:59] [DEBUG] [PROTOCOL] Received 244 bytes
[2026-01-26 19:30:59] [DEBUG] [PROTOCOL] Received 244 bytes
[2026-01-26 19:30:59] [DEBUG] [PROTOCOL] Received 244 bytes
[2026-01-26 19:30:59] [DEBUG] [PROTOCOL] Received 244 bytes
[2026-01-26 19:30:59] [DEBUG] [PROTOCOL] Received 244 bytes
[2026-01-26 19:30:59] [DEBUG] [PROTOCOL] Received 244 bytes
[2026-01-26 19:30:59] [DEBUG] [PROTOCOL] Received 244 bytes
[2026-01-26 19:30:59] [DEBUG] [PROTOCOL] Received 244 bytes
[2026-01-26 19:30:59] [DEBUG] [PROTOCOL] Received 244 bytes
[2026-01-26 19:30:59] [DEBUG] [PROTOCOL] Received 244 bytes
[2026-01-26 19:30:59] [DEBUG] [PROTOCOL] Received 244 bytes
[2026-01-26 19:30:59] [DEBUG] [PROTOCOL] Received 244 bytes
[2026-01-26 19:30:59] [DEBUG] [PROTOCOL] Received 244 bytes
[2026-01-26 19:30:59] [DEBUG] [PROTOCOL] Received 244 bytes
[2026-01-26 19:30:59] [DEBUG] [PROTOCOL] Received 244 bytes
[2026-01-26 19:30:59] [DEBUG] [PROTOCOL] Received 244 bytes
[2026-01-26 19:30:59] [DEBUG] [PROTOCOL] Received 244 bytes
[2026-01-26 19:30:59] [DEBUG] [PROTOCOL] Received 244 bytes
[2026-01-26 19:30:59] [DEBUG] [PROTOCOL] Received 244 bytes
[2026-01-26 19:30:59] [DEBUG] [PROTOCOL] Built command packet: type=0x17
[2026-01-26 19:30:59] [DEBUG] [PROTOCOL] Impedance: processed 100 packets
[2026-01-26 19:30:59] [INFO] [GENERAL] Real-time impedance calculated successfully
[2026-01-26 19:30:59] [DEBUG] [GENERAL] CH0: 0.000000 Ω
[2026-01-26 19:30:59] [DEBUG] [GENERAL] CH1: 0.000000 Ω
[2026-01-26 19:30:59] [DEBUG] [GENERAL] CH2: 0.000000 Ω
[2026-01-26 19:30:59] [DEBUG] [GENERAL] CH3: 0.000000 Ω
[2026-01-26 19:30:59] [DEBUG] [GENERAL] CH4: 0.000000 Ω
[2026-01-26 19:30:59] [DEBUG] [GENERAL] CH5: 0.000000 Ω
[2026-01-26 19:30:59] [DEBUG] [GENERAL] CH6: 0.000000 Ω
[2026-01-26 19:30:59] [DEBUG] [GENERAL] CH7: 12344.675781 Ω
[2026-01-26 19:30:59] [DEBUG] [PROTOCOL] Built command packet: type=0x18
[2026-01-26 19:30:59] [DEBUG] [PROTOCOL] Received 244 bytes
[2026-01-26 19:30:59] [DEBUG] [PROTOCOL] Received 244 bytes
[2026-01-26 19:30:59] [DEBUG] [PROTOCOL] Received 244 bytes
[2026-01-26 19:30:59] [DEBUG] [PROTOCOL] Received 244 bytes
[2026-01-26 19:30:59] [DEBUG] [PROTOCOL] Received 244 bytes
[2026-01-26 19:30:59] [DEBUG] [PROTOCOL] Received 244 bytes
[2026-01-26 19:30:59] [DEBUG] [PROTOCOL] Received 244 bytes
[2026-01-26 19:30:59] [DEBUG] [PROTOCOL] Received 244 bytes
[2026-01-26 19:30:59] [DEBUG] [PROTOCOL] Received 244 bytes
[2026-01-26 19:30:59] [DEBUG] [PROTOCOL] Received 244 bytes
[2026-01-26 19:30:59] [DEBUG] [PROTOCOL] Received 244 bytes
[2026-01-26 19:31:00] [DEBUG] [PROTOCOL] Received 244 bytes
[2026-01-26 19:31:00] [DEBUG] [PROTOCOL] Received 244 bytes
[2026-01-26 19:31:00] [DEBUG] [PROTOCOL] Received 244 bytes
[2026-01-26 19:31:00] [DEBUG] [PROTOCOL] Received 244 bytes
[2026-01-26 19:31:00] [DEBUG] [PROTOCOL] Received 244 bytes
[2026-01-26 19:31:00] [DEBUG] [PROTOCOL] Received 244 bytes
[2026-01-26 19:31:00] [DEBUG] [PROTOCOL] Received 244 bytes
[2026-01-26 19:31:00] [DEBUG] [PROTOCOL] Built command packet: type=0x17
[2026-01-26 19:31:00] [DEBUG] [PROTOCOL] Impedance: processed 100 packets
[2026-01-26 19:31:00] [INFO] [GENERAL] Real-time impedance calculated successfully
[2026-01-26 19:31:00] [DEBUG] [GENERAL] CH0: 0.000000 Ω
[2026-01-26 19:31:00] [DEBUG] [GENERAL] CH1: 0.000000 Ω
[2026-01-26 19:31:00] [DEBUG] [GENERAL] CH2: 0.000000 Ω
[2026-01-26 19:31:00] [DEBUG] [GENERAL] CH3: 0.000000 Ω
[2026-01-26 19:31:00] [DEBUG] [GENERAL] CH4: 0.000000 Ω
[2026-01-26 19:31:00] [DEBUG] [GENERAL] CH5: 0.000000 Ω
[2026-01-26 19:31:00] [DEBUG] [GENERAL] CH6: 0.000000 Ω
[2026-01-26 19:31:00] [DEBUG] [GENERAL] CH7: 14045.431641 Ω
[2026-01-26 19:31:00] [DEBUG] [PROTOCOL] Built command packet: type=0x18
[2026-01-26 19:31:00] [DEBUG] [PROTOCOL] Received 244 bytes
[2026-01-26 19:31:00] [DEBUG] [PROTOCOL] Received 244 bytes
[2026-01-26 19:31:00] [DEBUG] [PROTOCOL] Received 244 bytes
[2026-01-26 19:31:00] [DEBUG] [PROTOCOL] Received 244 bytes
[2026-01-26 19:31:00] [DEBUG] [PROTOCOL] Received 244 bytes
[2026-01-26 19:31:00] [DEBUG] [PROTOCOL] Received 244 bytes
[2026-01-26 19:31:00] [DEBUG] [PROTOCOL] Received 244 bytes
[2026-01-26 19:31:00] [DEBUG] [PROTOCOL] Received 244 bytes
[2026-01-26 19:31:00] [DEBUG] [PROTOCOL] Received 244 bytes
[2026-01-26 19:31:00] [DEBUG] [PROTOCOL] Received 244 bytes
[2026-01-26 19:31:00] [DEBUG] [PROTOCOL] Received 244 bytes
[2026-01-26 19:31:00] [DEBUG] [PROTOCOL] Received 244 bytes
[2026-01-26 19:31:00] [DEBUG] [PROTOCOL] Received 244 bytes
[2026-01-26 19:31:00] [DEBUG] [PROTOCOL] Received 244 bytes
[2026-01-26 19:31:00] [DEBUG] [PROTOCOL] Received 244 bytes
[2026-01-26 19:31:00] [DEBUG] [PROTOCOL] Received 244 bytes
[2026-01-26 19:31:00] [DEBUG] [PROTOCOL] Built command packet: type=0x17
[2026-01-26 19:31:00] [DEBUG] [PROTOCOL] Impedance: processed 100 packets
[2026-01-26 19:31:00] [INFO] [GENERAL] Real-time impedance calculated successfully
[2026-01-26 19:31:00] [DEBUG] [GENERAL] CH0: 0.000000 Ω
[2026-01-26 19:31:00] [DEBUG] [GENERAL] CH1: 0.000000 Ω
[2026-01-26 19:31:00] [DEBUG] [GENERAL] CH2: 0.000000 Ω
[2026-01-26 19:31:00] [DEBUG] [GENERAL] CH3: 0.000000 Ω
[2026-01-26 19:31:00] [DEBUG] [GENERAL] CH4: 0.000000 Ω
[2026-01-26 19:31:00] [DEBUG] [GENERAL] CH5: 0.000000 Ω
[2026-01-26 19:31:00] [DEBUG] [GENERAL] CH6: 0.000000 Ω
[2026-01-26 19:31:00] [DEBUG] [GENERAL] CH7: 13418.388672 Ω
[2026-01-26 19:31:00] [DEBUG] [PROTOCOL] Received 244 bytes
[2026-01-26 19:31:00] [DEBUG] [PROTOCOL] Built command packet: type=0x18
[2026-01-26 19:31:00] [DEBUG] [PROTOCOL] Received 244 bytes
[2026-01-26 19:31:00] [DEBUG] [PROTOCOL] Received 244 bytes
[2026-01-26 19:31:00] [DEBUG] [PROTOCOL] Received 244 bytes
[2026-01-26 19:31:00] [DEBUG] [PROTOCOL] Received 244 bytes
[2026-01-26 19:31:00] [DEBUG] [PROTOCOL] Received 244 bytes
[2026-01-26 19:31:00] [DEBUG] [PROTOCOL] Received 244 bytes
[2026-01-26 19:31:00] [DEBUG] [PROTOCOL] Received 244 bytes
[2026-01-26 19:31:00] [DEBUG] [PROTOCOL] Received 244 bytes
[2026-01-26 19:31:00] [DEBUG] [PROTOCOL] Received 244 bytes
[2026-01-26 19:31:00] [DEBUG] [PROTOCOL] Received 244 bytes
[2026-01-26 19:31:00] [DEBUG] [PROTOCOL] Received 244 bytes
[2026-01-26 19:31:00] [DEBUG] [PROTOCOL] Received 244 bytes
[2026-01-26 19:31:00] [DEBUG] [PROTOCOL] Received 244 bytes
[2026-01-26 19:31:01] [DEBUG] [PROTOCOL] Built command packet: type=0x17
[2026-01-26 19:31:01] [DEBUG] [PROTOCOL] Impedance: processed 100 packets
[2026-01-26 19:31:01] [INFO] [GENERAL] Real-time impedance calculated successfully
[2026-01-26 19:31:01] [DEBUG] [GENERAL] CH0: 0.000000 Ω
[2026-01-26 19:31:01] [DEBUG] [GENERAL] CH1: 0.000000 Ω
[2026-01-26 19:31:01] [DEBUG] [GENERAL] CH2: 0.000000 Ω
[2026-01-26 19:31:01] [DEBUG] [GENERAL] CH3: 0.000000 Ω
[2026-01-26 19:31:01] [DEBUG] [GENERAL] CH4: 0.000000 Ω
[2026-01-26 19:31:01] [DEBUG] [GENERAL] CH5: 0.000000 Ω
[2026-01-26 19:31:01] [DEBUG] [GENERAL] CH6: 0.000000 Ω
[2026-01-26 19:31:01] [DEBUG] [GENERAL] CH7: 12614.147461 Ω
[2026-01-26 19:31:01] [DEBUG] [PROTOCOL] Built command packet: type=0x18
[2026-01-26 19:31:01] [DEBUG] [PROTOCOL] Received 244 bytes
[2026-01-26 19:31:01] [DEBUG] [PROTOCOL] Received 244 bytes
[2026-01-26 19:31:01] [DEBUG] [PROTOCOL] Received 244 bytes
[2026-01-26 19:31:01] [DEBUG] [PROTOCOL] Received 244 bytes
[2026-01-26 19:31:01] [DEBUG] [PROTOCOL] Received 244 bytes
[2026-01-26 19:31:01] [DEBUG] [PROTOCOL] Received 244 bytes
[2026-01-26 19:31:01] [DEBUG] [PROTOCOL] Received 244 bytes
[2026-01-26 19:31:01] [DEBUG] [PROTOCOL] Received 244 bytes
[2026-01-26 19:31:01] [DEBUG] [PROTOCOL] Received 244 bytes
[2026-01-26 19:31:01] [DEBUG] [PROTOCOL] Received 244 bytes
[2026-01-26 19:31:01] [DEBUG] [PROTOCOL] Received 244 bytes
[2026-01-26 19:31:01] [DEBUG] [PROTOCOL] Received 244 bytes
[2026-01-26 19:31:01] [DEBUG] [PROTOCOL] Received 244 bytes
[2026-01-26 19:31:01] [DEBUG] [PROTOCOL] Received 244 bytes
[2026-01-26 19:31:01] [DEBUG] [PROTOCOL] Built command packet: type=0x17
[2026-01-26 19:31:01] [DEBUG] [PROTOCOL] Impedance: processed 100 packets
[2026-01-26 19:31:01] [INFO] [GENERAL] Real-time impedance calculated successfully
[2026-01-26 19:31:01] [DEBUG] [GENERAL] CH0: 0.000000 Ω
[2026-01-26 19:31:01] [DEBUG] [GENERAL] CH1: 0.000000 Ω
[2026-01-26 19:31:01] [DEBUG] [GENERAL] CH2: 0.000000 Ω
[2026-01-26 19:31:01] [DEBUG] [GENERAL] CH3: 0.000000 Ω
[2026-01-26 19:31:01] [DEBUG] [GENERAL] CH4: 0.000000 Ω
[2026-01-26 19:31:01] [DEBUG] [GENERAL] CH5: 0.000000 Ω
[2026-01-26 19:31:01] [DEBUG] [GENERAL] CH6: 0.000000 Ω
[2026-01-26 19:31:01] [DEBUG] [GENERAL] CH7: 14164.584961 Ω
[2026-01-26 19:31:01] [DEBUG] [PROTOCOL] Built command packet: type=0x18
[2026-01-26 19:31:01] [DEBUG] [PROTOCOL] Received 244 bytes
[2026-01-26 19:31:01] [DEBUG] [PROTOCOL] Received 244 bytes
[2026-01-26 19:31:01] [DEBUG] [PROTOCOL] Received 244 bytes
[2026-01-26 19:31:01] [DEBUG] [PROTOCOL] Received 244 bytes
[2026-01-26 19:31:01] [DEBUG] [PROTOCOL] Received 244 bytes
[2026-01-26 19:31:01] [DEBUG] [PROTOCOL] Received 244 bytes
[2026-01-26 19:31:01] [DEBUG] [PROTOCOL] Received 244 bytes
[2026-01-26 19:31:01] [DEBUG] [PROTOCOL] Received 244 bytes
[2026-01-26 19:31:01] [DEBUG] [PROTOCOL] Received 244 bytes
[2026-01-26 19:31:01] [DEBUG] [PROTOCOL] Received 244 bytes
[2026-01-26 19:31:01] [DEBUG] [PROTOCOL] Received 244 bytes
[2026-01-26 19:31:01] [DEBUG] [PROTOCOL] Received 244 bytes
[2026-01-26 19:31:01] [DEBUG] [PROTOCOL] Received 244 bytes
[2026-01-26 19:31:01] [DEBUG] [PROTOCOL] Built command packet: type=0x17
[2026-01-26 19:31:01] [DEBUG] [PROTOCOL] Impedance: processed 100 packets
[2026-01-26 19:31:01] [INFO] [GENERAL] Real-time impedance calculated successfully
[2026-01-26 19:31:01] [DEBUG] [GENERAL] CH0: 0.000000 Ω
[2026-01-26 19:31:01] [DEBUG] [GENERAL] CH1: 0.000000 Ω
[2026-01-26 19:31:01] [DEBUG] [GENERAL] CH2: 0.000000 Ω
[2026-01-26 19:31:01] [DEBUG] [GENERAL] CH3: 0.000000 Ω
[2026-01-26 19:31:01] [DEBUG] [GENERAL] CH4: 0.000000 Ω
[2026-01-26 19:31:01] [DEBUG] [GENERAL] CH5: 0.000000 Ω
[2026-01-26 19:31:01] [DEBUG] [GENERAL] CH6: 0.000000 Ω
[2026-01-26 19:31:01] [DEBUG] [GENERAL] CH7: 15687.991211 Ω
[2026-01-26 19:31:01] [DEBUG] [PROTOCOL] Built command packet: type=0x18
[2026-01-26 19:31:01] [DEBUG] [PROTOCOL] Received 244 bytes
[2026-01-26 19:31:01] [DEBUG] [PROTOCOL] Received 244 bytes
[2026-01-26 19:31:01] [DEBUG] [PROTOCOL] Received 244 bytes
[2026-01-26 19:31:01] [DEBUG] [PROTOCOL] Received 244 bytes
[2026-01-26 19:31:01] [DEBUG] [PROTOCOL] Received 244 bytes
[2026-01-26 19:31:01] [DEBUG] [PROTOCOL] Received 244 bytes
[2026-01-26 19:31:01] [DEBUG] [PROTOCOL] Received 244 bytes
[2026-01-26 19:31:01] [DEBUG] [PROTOCOL] Received 244 bytes
[2026-01-26 19:31:01] [DEBUG] [PROTOCOL] Received 244 bytes
[2026-01-26 19:31:01] [DEBUG] [PROTOCOL] Received 244 bytes
[2026-01-26 19:31:02] [DEBUG] [PROTOCOL] Received 244 bytes
[2026-01-26 19:31:02] [DEBUG] [PROTOCOL] Received 244 bytes
[2026-01-26 19:31:02] [DEBUG] [PROTOCOL] Built command packet: type=0x17
[2026-01-26 19:31:02] [DEBUG] [PROTOCOL] Impedance: processed 100 packets
[2026-01-26 19:31:02] [INFO] [GENERAL] Real-time impedance calculated successfully
[2026-01-26 19:31:02] [DEBUG] [GENERAL] CH0: 0.000000 Ω
[2026-01-26 19:31:02] [DEBUG] [GENERAL] CH1: 0.000000 Ω
[2026-01-26 19:31:02] [DEBUG] [GENERAL] CH2: 0.000000 Ω
[2026-01-26 19:31:02] [DEBUG] [GENERAL] CH3: 0.000000 Ω
[2026-01-26 19:31:02] [DEBUG] [GENERAL] CH4: 0.000000 Ω
[2026-01-26 19:31:02] [DEBUG] [GENERAL] CH5: 0.000000 Ω
[2026-01-26 19:31:02] [DEBUG] [GENERAL] CH6: 0.000000 Ω
[2026-01-26 19:31:02] [DEBUG] [GENERAL] CH7: 13858.629883 Ω
[2026-01-26 19:31:02] [DEBUG] [PROTOCOL] Built command packet: type=0x18
[2026-01-26 19:31:02] [DEBUG] [PROTOCOL] Received 244 bytes
[2026-01-26 19:31:02] [DEBUG] [PROTOCOL] Received 244 bytes
[2026-01-26 19:31:02] [DEBUG] [PROTOCOL] Received 244 bytes
[2026-01-26 19:31:02] [DEBUG] [PROTOCOL] Received 244 bytes
[2026-01-26 19:31:02] [DEBUG] [PROTOCOL] Received 244 bytes
[2026-01-26 19:31:02] [DEBUG] [PROTOCOL] Received 244 bytes
[2026-01-26 19:31:02] [DEBUG] [PROTOCOL] Received 244 bytes
[2026-01-26 19:31:02] [DEBUG] [PROTOCOL] Received 244 bytes
[2026-01-26 19:31:02] [DEBUG] [PROTOCOL] Received 244 bytes
[2026-01-26 19:31:02] [DEBUG] [PROTOCOL] Received 244 bytes
[2026-01-26 19:31:02] [DEBUG] [PROTOCOL] Received 244 bytes
[2026-01-26 19:31:02] [DEBUG] [PROTOCOL] Received 244 bytes
[2026-01-26 19:31:02] [DEBUG] [PROTOCOL] Received 244 bytes
[2026-01-26 19:31:02] [DEBUG] [PROTOCOL] Built command packet: type=0x17
[2026-01-26 19:31:02] [DEBUG] [PROTOCOL] Impedance: processed 100 packets
[2026-01-26 19:31:02] [INFO] [GENERAL] Real-time impedance calculated successfully
[2026-01-26 19:31:02] [DEBUG] [GENERAL] CH0: 0.000000 Ω
[2026-01-26 19:31:02] [DEBUG] [GENERAL] CH1: 0.000000 Ω
[2026-01-26 19:31:02] [DEBUG] [GENERAL] CH2: 0.000000 Ω
[2026-01-26 19:31:02] [DEBUG] [GENERAL] CH3: 0.000000 Ω
[2026-01-26 19:31:02] [DEBUG] [GENERAL] CH4: 0.000000 Ω
[2026-01-26 19:31:02] [DEBUG] [GENERAL] CH5: 0.000000 Ω
[2026-01-26 19:31:02] [DEBUG] [GENERAL] CH6: 0.000000 Ω
[2026-01-26 19:31:02] [DEBUG] [GENERAL] CH7: 9628.576172 Ω
[2026-01-26 19:31:02] [DEBUG] [PROTOCOL] Built command packet: type=0x18
[2026-01-26 19:31:02] [DEBUG] [PROTOCOL] Received 244 bytes
[2026-01-26 19:31:02] [DEBUG] [PROTOCOL] Received 244 bytes
[2026-01-26 19:31:02] [DEBUG] [PROTOCOL] Received 244 bytes
[2026-01-26 19:31:02] [DEBUG] [PROTOCOL] Received 244 bytes
[2026-01-26 19:31:02] [DEBUG] [PROTOCOL] Received 244 bytes
[2026-01-26 19:31:02] [DEBUG] [PROTOCOL] Received 244 bytes
[2026-01-26 19:31:02] [DEBUG] [PROTOCOL] Received 244 bytes
[2026-01-26 19:31:02] [DEBUG] [PROTOCOL] Received 244 bytes
[2026-01-26 19:31:02] [DEBUG] [PROTOCOL] Received 244 bytes
[2026-01-26 19:31:02] [DEBUG] [PROTOCOL] Received 244 bytes
[2026-01-26 19:31:02] [DEBUG] [PROTOCOL] Received 244 bytes
[2026-01-26 19:31:02] [DEBUG] [PROTOCOL] Received 244 bytes
[2026-01-26 19:31:02] [DEBUG] [PROTOCOL] Received 244 bytes
[2026-01-26 19:31:02] [DEBUG] [PROTOCOL] Received 244 bytes
[2026-01-26 19:31:02] [DEBUG] [PROTOCOL] Received 244 bytes
[2026-01-26 19:31:02] [DEBUG] [PROTOCOL] Received 244 bytes
[2026-01-26 19:31:02] [DEBUG] [PROTOCOL] Received 244 bytes
[2026-01-26 19:31:02] [DEBUG] [PROTOCOL] Received 244 bytes
[2026-01-26 19:31:02] [DEBUG] [PROTOCOL] Received 244 bytes
[2026-01-26 19:31:02] [DEBUG] [PROTOCOL] Received 244 bytes
[2026-01-26 19:31:02] [DEBUG] [PROTOCOL] Received 244 bytes
[2026-01-26 19:31:02] [DEBUG] [PROTOCOL] Received 244 bytes
[2026-01-26 19:31:03] [DEBUG] [PROTOCOL] Received 244 bytes
[2026-01-26 19:31:03] [DEBUG] [PROTOCOL] Received 244 bytes
[2026-01-26 19:31:03] [DEBUG] [PROTOCOL] Received 244 bytes
[2026-01-26 19:31:03] [DEBUG] [PROTOCOL] Received 244 bytes
[2026-01-26 19:31:03] [DEBUG] [PROTOCOL] Received 244 bytes
[2026-01-26 19:31:03] [DEBUG] [PROTOCOL] Received 244 bytes
[2026-01-26 19:31:03] [DEBUG] [PROTOCOL] Received 244 bytes
[2026-01-26 19:31:03] [DEBUG] [PROTOCOL] Received 244 bytes
[2026-01-26 19:31:03] [DEBUG] [PROTOCOL] Received 244 bytes
[2026-01-26 19:31:03] [DEBUG] [PROTOCOL] Received 244 bytes
[2026-01-26 19:31:03] [DEBUG] [PROTOCOL] Received 244 bytes
[2026-01-26 19:31:03] [DEBUG] [PROTOCOL] Received 244 bytes
[2026-01-26 19:31:03] [DEBUG] [PROTOCOL] Received 244 bytes
[2026-01-26 19:31:03] [DEBUG] [PROTOCOL] Received 244 bytes
[2026-01-26 19:31:03] [DEBUG] [PROTOCOL] Received 244 bytes
[2026-01-26 19:31:03] [DEBUG] [PROTOCOL] Received 244 bytes
[2026-01-26 19:31:03] [DEBUG] [PROTOCOL] Received 244 bytes
[2026-01-26 19:31:03] [DEBUG] [PROTOCOL] Received 244 bytes
[2026-01-26 19:31:03] [DEBUG] [PROTOCOL] Received 244 bytes
[2026-01-26 19:31:03] [DEBUG] [PROTOCOL] Received 244 bytes
[2026-01-26 19:31:03] [DEBUG] [PROTOCOL] Received 244 bytes
[2026-01-26 19:31:03] [DEBUG] [PROTOCOL] Received 244 bytes
[2026-01-26 19:31:03] [DEBUG] [PROTOCOL] Received 244 bytes
[2026-01-26 19:31:03] [DEBUG] [PROTOCOL] Built command packet: type=0x17
[2026-01-26 19:31:03] [DEBUG] [PROTOCOL] Impedance: processed 100 packets
[2026-01-26 19:31:03] [INFO] [GENERAL] Real-time impedance calculated successfully
[2026-01-26 19:31:03] [DEBUG] [GENERAL] CH0: 0.000000 Ω
[2026-01-26 19:31:03] [DEBUG] [GENERAL] CH1: 0.000000 Ω
[2026-01-26 19:31:03] [DEBUG] [GENERAL] CH2: 0.000000 Ω
[2026-01-26 19:31:03] [DEBUG] [GENERAL] CH3: 0.000000 Ω
[2026-01-26 19:31:03] [DEBUG] [GENERAL] CH4: 0.000000 Ω
[2026-01-26 19:31:03] [DEBUG] [GENERAL] CH5: 0.000000 Ω
[2026-01-26 19:31:03] [DEBUG] [GENERAL] CH6: 0.000000 Ω
[2026-01-26 19:31:03] [DEBUG] [GENERAL] CH7: 13515.205078 Ω
[2026-01-26 19:31:03] [DEBUG] [PROTOCOL] Built command packet: type=0x18
[2026-01-26 19:31:03] [DEBUG] [PROTOCOL] Received 244 bytes
[2026-01-26 19:31:03] [DEBUG] [PROTOCOL] Received 244 bytes
[2026-01-26 19:31:03] [DEBUG] [PROTOCOL] Received 244 bytes
[2026-01-26 19:31:03] [DEBUG] [PROTOCOL] Received 244 bytes
[2026-01-26 19:31:03] [DEBUG] [PROTOCOL] Received 244 bytes
[2026-01-26 19:31:03] [DEBUG] [PROTOCOL] Received 244 bytes
[2026-01-26 19:31:03] [DEBUG] [PROTOCOL] Received 244 bytes
[2026-01-26 19:31:03] [DEBUG] [PROTOCOL] Received 244 bytes
[2026-01-26 19:31:03] [DEBUG] [PROTOCOL] Received 244 bytes
[2026-01-26 19:31:03] [DEBUG] [PROTOCOL] Received 244 bytes
[2026-01-26 19:31:03] [DEBUG] [PROTOCOL] Built command packet: type=0x17
[2026-01-26 19:31:03] [DEBUG] [PROTOCOL] Received 244 bytes
[2026-01-26 19:31:03] [DEBUG] [PROTOCOL] Impedance: processed 100 packets
[2026-01-26 19:31:03] [INFO] [GENERAL] Real-time impedance calculated successfully
[2026-01-26 19:31:03] [DEBUG] [GENERAL] CH0: 0.000000 Ω
[2026-01-26 19:31:03] [DEBUG] [GENERAL] CH1: 0.000000 Ω
[2026-01-26 19:31:03] [DEBUG] [GENERAL] CH2: 0.000000 Ω
[2026-01-26 19:31:03] [DEBUG] [GENERAL] CH3: 0.000000 Ω
[2026-01-26 19:31:03] [DEBUG] [GENERAL] CH4: 0.000000 Ω
[2026-01-26 19:31:03] [DEBUG] [GENERAL] CH5: 0.000000 Ω
[2026-01-26 19:31:03] [DEBUG] [GENERAL] CH6: 0.000000 Ω
[2026-01-26 19:31:03] [DEBUG] [GENERAL] CH7: 10774.982422 Ω
[2026-01-26 19:31:03] [DEBUG] [PROTOCOL] Built command packet: type=0x18
[2026-01-26 19:31:03] [DEBUG] [PROTOCOL] Received 244 bytes
[2026-01-26 19:31:03] [DEBUG] [PROTOCOL] Received 244 bytes
[2026-01-26 19:31:03] [DEBUG] [PROTOCOL] Received 244 bytes
[2026-01-26 19:31:04] [DEBUG] [PROTOCOL] Received 244 bytes
[2026-01-26 19:31:04] [DEBUG] [PROTOCOL] Received 244 bytes
[2026-01-26 19:31:04] [DEBUG] [PROTOCOL] Received 244 bytes
[2026-01-26 19:31:04] [DEBUG] [PROTOCOL] Received 244 bytes
[2026-01-26 19:31:04] [DEBUG] [PROTOCOL] Received 244 bytes
[2026-01-26 19:31:04] [DEBUG] [PROTOCOL] Received 244 bytes
[2026-01-26 19:31:04] [DEBUG] [PROTOCOL] Received 244 bytes
[2026-01-26 19:31:04] [DEBUG] [PROTOCOL] Received 244 bytes
[2026-01-26 19:31:04] [DEBUG] [PROTOCOL] Received 244 bytes
[2026-01-26 19:31:04] [DEBUG] [PROTOCOL] Received 244 bytes
[2026-01-26 19:31:04] [DEBUG] [PROTOCOL] Received 244 bytes
[2026-01-26 19:31:04] [DEBUG] [PROTOCOL] Received 244 bytes
[2026-01-26 19:31:04] [DEBUG] [PROTOCOL] Received 244 bytes
[2026-01-26 19:31:04] [DEBUG] [PROTOCOL] Received 244 bytes
[2026-01-26 19:31:04] [DEBUG] [PROTOCOL] Received 244 bytes
[2026-01-26 19:31:04] [DEBUG] [PROTOCOL] Received 244 bytes
[2026-01-26 19:31:04] [DEBUG] [PROTOCOL] Received 244 bytes
[2026-01-26 19:31:04] [DEBUG] [PROTOCOL] Received 244 bytes
[2026-01-26 19:31:04] [DEBUG] [PROTOCOL] Received 244 bytes
[2026-01-26 19:31:04] [DEBUG] [PROTOCOL] Received 244 bytes
[2026-01-26 19:31:04] [DEBUG] [PROTOCOL] Received 244 bytes
[2026-01-26 19:31:04] [DEBUG] [PROTOCOL] Received 244 bytes
[2026-01-26 19:31:04] [DEBUG] [PROTOCOL] Received 244 bytes
[2026-01-26 19:31:04] [DEBUG] [PROTOCOL] Received 244 bytes
[2026-01-26 19:31:04] [DEBUG] [PROTOCOL] Received 244 bytes
[2026-01-26 19:31:04] [DEBUG] [PROTOCOL] Received 244 bytes
[2026-01-26 19:31:04] [DEBUG] [PROTOCOL] Received 244 bytes
[2026-01-26 19:31:04] [DEBUG] [PROTOCOL] Received 244 bytes
[2026-01-26 19:31:04] [DEBUG] [PROTOCOL] Received 244 bytes
[2026-01-26 19:31:04] [DEBUG] [PROTOCOL] Received 244 bytes
[2026-01-26 19:31:04] [DEBUG] [PROTOCOL] Received 244 bytes
[2026-01-26 19:31:04] [DEBUG] [PROTOCOL] Received 244 bytes
[2026-01-26 19:31:04] [DEBUG] [PROTOCOL] Received 244 bytes
[2026-01-26 19:31:04] [DEBUG] [PROTOCOL] Received 244 bytes
[2026-01-26 19:31:04] [DEBUG] [PROTOCOL] Received 244 bytes
[2026-01-26 19:31:04] [DEBUG] [PROTOCOL] Received 244 bytes
[2026-01-26 19:31:04] [DEBUG] [PROTOCOL] Received 244 bytes
[2026-01-26 19:31:05] [DEBUG] [PROTOCOL] Received 244 bytes
[2026-01-26 19:31:05] [DEBUG] [PROTOCOL] Received 244 bytes
[2026-01-26 19:31:05] [DEBUG] [PROTOCOL] Received 244 bytes
[2026-01-26 19:31:05] [DEBUG] [PROTOCOL] Received 244 bytes
[2026-01-26 19:31:05] [DEBUG] [PROTOCOL] Received 244 bytes
[2026-01-26 19:31:05] [DEBUG] [PROTOCOL] Received 244 bytes
[2026-01-26 19:31:05] [DEBUG] [PROTOCOL] Received 244 bytes
[2026-01-26 19:31:05] [DEBUG] [PROTOCOL] Received 244 bytes
[2026-01-26 19:31:05] [DEBUG] [PROTOCOL] Received 244 bytes
[2026-01-26 19:31:05] [DEBUG] [PROTOCOL] Received 244 bytes
[2026-01-26 19:31:05] [DEBUG] [PROTOCOL] Received 244 bytes
[2026-01-26 19:31:05] [DEBUG] [PROTOCOL] Received 244 bytes
[2026-01-26 19:31:05] [INFO] [GENERAL] MDP SDK Unloading
[2026-01-26 19:38:04] [INFO] [GENERAL] MDP SDK Loaded
[2026-01-26 19:38:17] [DEBUG] [PROTOCOL] Built command packet: type=0x16
[2026-01-26 19:38:17] [DEBUG] [PROTOCOL] Built command packet: type=0x18
[2026-01-26 19:38:17] [DEBUG] [PROTOCOL] Received 244 bytes
[2026-01-26 19:38:17] [DEBUG] [PROTOCOL] Received 244 bytes
[2026-01-26 19:38:17] [DEBUG] [PROTOCOL] Received 244 bytes
[2026-01-26 19:38:17] [DEBUG] [PROTOCOL] Received 244 bytes
[2026-01-26 19:38:17] [DEBUG] [PROTOCOL] Received 244 bytes
[2026-01-26 19:38:17] [DEBUG] [PROTOCOL] Received 244 bytes
[2026-01-26 19:38:17] [DEBUG] [PROTOCOL] Received 244 bytes
[2026-01-26 19:38:17] [DEBUG] [PROTOCOL] Received 244 bytes
[2026-01-26 19:38:17] [DEBUG] [PROTOCOL] Received 244 bytes
[2026-01-26 19:38:17] [DEBUG] [PROTOCOL] Received 244 bytes
[2026-01-26 19:38:17] [DEBUG] [PROTOCOL] Received 244 bytes
[2026-01-26 19:38:17] [DEBUG] [PROTOCOL] Received 244 bytes
[2026-01-26 19:38:17] [DEBUG] [PROTOCOL] Received 244 bytes
[2026-01-26 19:38:17] [DEBUG] [PROTOCOL] Received 244 bytes
[2026-01-26 19:38:17] [DEBUG] [PROTOCOL] Received 244 bytes
[2026-01-26 19:38:17] [DEBUG] [PROTOCOL] Received 244 bytes
[2026-01-26 19:38:17] [DEBUG] [PROTOCOL] Received 244 bytes
[2026-01-26 19:38:17] [DEBUG] [PROTOCOL] Received 244 bytes
[2026-01-26 19:38:17] [DEBUG] [PROTOCOL] Received 244 bytes
[2026-01-26 19:38:17] [DEBUG] [PROTOCOL] Received 244 bytes
[2026-01-26 19:38:17] [DEBUG] [PROTOCOL] Received 244 bytes
[2026-01-26 19:38:17] [DEBUG] [PROTOCOL] Received 244 bytes
[2026-01-26 19:38:18] [DEBUG] [PROTOCOL] Received 244 bytes
[2026-01-26 19:38:18] [DEBUG] [PROTOCOL] Received 244 bytes
[2026-01-26 19:38:18] [DEBUG] [PROTOCOL] Received 244 bytes
[2026-01-26 19:38:18] [DEBUG] [PROTOCOL] Received 244 bytes
[2026-01-26 19:38:18] [DEBUG] [PROTOCOL] Received 244 bytes
[2026-01-26 19:38:18] [DEBUG] [PROTOCOL] Received 244 bytes
[2026-01-26 19:38:18] [DEBUG] [PROTOCOL] Received 244 bytes
[2026-01-26 19:38:18] [DEBUG] [PROTOCOL] Received 244 bytes
[2026-01-26 19:38:18] [DEBUG] [PROTOCOL] Received 244 bytes
[2026-01-26 19:38:18] [DEBUG] [PROTOCOL] Received 244 bytes
[2026-01-26 19:38:18] [DEBUG] [PROTOCOL] Received 244 bytes
[2026-01-26 19:38:18] [DEBUG] [PROTOCOL] Received 244 bytes
[2026-01-26 19:38:18] [DEBUG] [PROTOCOL] Received 244 bytes
[2026-01-26 19:38:18] [DEBUG] [PROTOCOL] Received 244 bytes
[2026-01-26 19:38:18] [DEBUG] [PROTOCOL] Received 244 bytes
[2026-01-26 19:38:18] [DEBUG] [PROTOCOL] Received 244 bytes
[2026-01-26 19:38:18] [DEBUG] [PROTOCOL] Received 244 bytes
[2026-01-26 19:38:18] [DEBUG] [PROTOCOL] Received 244 bytes
[2026-01-26 19:38:18] [DEBUG] [PROTOCOL] Received 244 bytes
[2026-01-26 19:38:18] [DEBUG] [PROTOCOL] Received 244 bytes
[2026-01-26 19:38:18] [DEBUG] [PROTOCOL] Received 244 bytes
[2026-01-26 19:38:18] [INFO] [GENERAL] Switched to IMPEDANCE mode: ring buffer (latest data only)
[2026-01-26 19:38:18] [DEBUG] [PROTOCOL] Built command packet: type=0x17
[2026-01-26 19:38:18] [DEBUG] [PROTOCOL] Received 244 bytes
[2026-01-26 19:38:18] [DEBUG] [PROTOCOL] Impedance: processed 6 packets
[2026-01-26 19:38:18] [INFO] [GENERAL] Insufficient data for impedance calculation
[2026-01-26 19:38:18] [INFO] [GENERAL] Window fill: 6/32
[2026-01-26 19:38:18] [DEBUG] [PROTOCOL] Built command packet: type=0x18
[2026-01-26 19:38:18] [DEBUG] [PROTOCOL] Received 244 bytes
[2026-01-26 19:38:18] [DEBUG] [PROTOCOL] Received 244 bytes
[2026-01-26 19:38:18] [DEBUG] [PROTOCOL] Received 244 bytes
[2026-01-26 19:38:18] [DEBUG] [PROTOCOL] Received 244 bytes
[2026-01-26 19:38:18] [DEBUG] [PROTOCOL] Received 244 bytes
[2026-01-26 19:38:18] [DEBUG] [PROTOCOL] Received 244 bytes
[2026-01-26 19:38:18] [DEBUG] [PROTOCOL] Received 244 bytes
[2026-01-26 19:38:18] [DEBUG] [PROTOCOL] Received 244 bytes
[2026-01-26 19:38:18] [DEBUG] [PROTOCOL] Received 244 bytes
[2026-01-26 19:38:18] [DEBUG] [PROTOCOL] Received 244 bytes
[2026-01-26 19:38:18] [DEBUG] [PROTOCOL] Received 244 bytes
[2026-01-26 19:38:18] [DEBUG] [PROTOCOL] Received 244 bytes
[2026-01-26 19:38:18] [DEBUG] [PROTOCOL] Received 244 bytes
[2026-01-26 19:38:18] [DEBUG] [PROTOCOL] Received 244 bytes
[2026-01-26 19:38:18] [DEBUG] [PROTOCOL] Received 244 bytes
[2026-01-26 19:38:19] [DEBUG] [PROTOCOL] Received 244 bytes
[2026-01-26 19:38:19] [DEBUG] [PROTOCOL] Received 244 bytes
[2026-01-26 19:38:19] [DEBUG] [PROTOCOL] Received 244 bytes
[2026-01-26 19:38:19] [DEBUG] [PROTOCOL] Received 244 bytes
[2026-01-26 19:38:19] [DEBUG] [PROTOCOL] Received 244 bytes
[2026-01-26 19:38:19] [DEBUG] [PROTOCOL] Received 244 bytes
[2026-01-26 19:38:19] [DEBUG] [PROTOCOL] Received 244 bytes
[2026-01-26 19:38:19] [DEBUG] [PROTOCOL] Received 244 bytes
[2026-01-26 19:38:19] [DEBUG] [PROTOCOL] Built command packet: type=0x17
[2026-01-26 19:38:19] [DEBUG] [PROTOCOL] Impedance: processed 100 packets
[2026-01-26 19:38:19] [INFO] [GENERAL] Real-time impedance calculated successfully
[2026-01-26 19:38:19] [DEBUG] [GENERAL] REF: 13507.067383 Ω, GND: 12220.679688 Ω
[2026-01-26 19:38:19] [DEBUG] [GENERAL] CH0: 3694.534180 Ω
[2026-01-26 19:38:19] [DEBUG] [GENERAL] CH1: 2973.439453 Ω
[2026-01-26 19:38:19] [DEBUG] [GENERAL] CH2: 23420.386719 Ω
[2026-01-26 19:38:19] [DEBUG] [GENERAL] CH3: 21267.015625 Ω
[2026-01-26 19:38:19] [DEBUG] [GENERAL] CH4: 19649.773438 Ω
[2026-01-26 19:38:19] [DEBUG] [GENERAL] CH5: 17170.492188 Ω
[2026-01-26 19:38:19] [DEBUG] [GENERAL] CH6: 10253.524414 Ω
[2026-01-26 19:38:19] [DEBUG] [GENERAL] CH7: 4481.826172 Ω
[2026-01-26 19:38:19] [DEBUG] [PROTOCOL] Built command packet: type=0x18
[2026-01-26 19:38:19] [DEBUG] [PROTOCOL] Received 244 bytes
[2026-01-26 19:38:19] [DEBUG] [PROTOCOL] Received 244 bytes
[2026-01-26 19:38:19] [DEBUG] [PROTOCOL] Received 244 bytes
[2026-01-26 19:38:19] [DEBUG] [PROTOCOL] Received 244 bytes
[2026-01-26 19:38:19] [DEBUG] [PROTOCOL] Received 244 bytes
[2026-01-26 19:38:19] [DEBUG] [PROTOCOL] Received 244 bytes
[2026-01-26 19:38:19] [DEBUG] [PROTOCOL] Received 244 bytes
[2026-01-26 19:38:19] [DEBUG] [PROTOCOL] Received 244 bytes
[2026-01-26 19:38:19] [DEBUG] [PROTOCOL] Received 244 bytes
[2026-01-26 19:38:19] [DEBUG] [PROTOCOL] Received 244 bytes
[2026-01-26 19:38:19] [DEBUG] [PROTOCOL] Received 244 bytes
[2026-01-26 19:38:19] [DEBUG] [PROTOCOL] Received 244 bytes
[2026-01-26 19:38:19] [DEBUG] [PROTOCOL] Received 244 bytes
[2026-01-26 19:38:19] [DEBUG] [PROTOCOL] Received 244 bytes
[2026-01-26 19:38:19] [DEBUG] [PROTOCOL] Received 244 bytes
[2026-01-26 19:38:19] [DEBUG] [PROTOCOL] Received 244 bytes
[2026-01-26 19:38:19] [DEBUG] [PROTOCOL] Received 244 bytes
[2026-01-26 19:38:19] [DEBUG] [PROTOCOL] Received 244 bytes
[2026-01-26 19:38:19] [DEBUG] [PROTOCOL] Received 244 bytes
[2026-01-26 19:38:19] [DEBUG] [PROTOCOL] Received 244 bytes
[2026-01-26 19:38:19] [DEBUG] [PROTOCOL] Built command packet: type=0x17
[2026-01-26 19:38:19] [DEBUG] [PROTOCOL] Impedance: processed 100 packets
[2026-01-26 19:38:19] [INFO] [GENERAL] Real-time impedance calculated successfully
[2026-01-26 19:38:19] [DEBUG] [GENERAL] REF: 11111.136719 Ω, GND: 10052.933594 Ω
[2026-01-26 19:38:19] [DEBUG] [GENERAL] CH0: 1977.800659 Ω
[2026-01-26 19:38:19] [DEBUG] [GENERAL] CH1: 1249.982666 Ω
[2026-01-26 19:38:19] [DEBUG] [GENERAL] CH2: 20262.074219 Ω
[2026-01-26 19:38:19] [DEBUG] [GENERAL] CH3: 18331.636719 Ω
[2026-01-26 19:38:19] [DEBUG] [GENERAL] CH4: 16726.777344 Ω
[2026-01-26 19:38:19] [DEBUG] [GENERAL] CH5: 14420.044922 Ω
[2026-01-26 19:38:19] [DEBUG] [GENERAL] CH6: 7999.963867 Ω
[2026-01-26 19:38:19] [DEBUG] [GENERAL] CH7: 3688.010498 Ω
[2026-01-26 19:38:19] [DEBUG] [PROTOCOL] Built command packet: type=0x18
[2026-01-26 19:38:19] [DEBUG] [PROTOCOL] Received 244 bytes
[2026-01-26 19:38:19] [DEBUG] [PROTOCOL] Received 244 bytes
[2026-01-26 19:38:19] [DEBUG] [PROTOCOL] Received 244 bytes
[2026-01-26 19:38:19] [DEBUG] [PROTOCOL] Received 244 bytes
[2026-01-26 19:38:19] [DEBUG] [PROTOCOL] Received 244 bytes
[2026-01-26 19:38:19] [DEBUG] [PROTOCOL] Received 244 bytes
[2026-01-26 19:38:19] [DEBUG] [PROTOCOL] Received 244 bytes
[2026-01-26 19:38:19] [DEBUG] [PROTOCOL] Received 244 bytes
[2026-01-26 19:38:19] [DEBUG] [PROTOCOL] Received 244 bytes
[2026-01-26 19:38:20] [DEBUG] [PROTOCOL] Received 244 bytes
[2026-01-26 19:38:20] [DEBUG] [PROTOCOL] Received 244 bytes
[2026-01-26 19:38:20] [DEBUG] [PROTOCOL] Received 244 bytes
[2026-01-26 19:38:20] [DEBUG] [PROTOCOL] Received 244 bytes
[2026-01-26 19:38:20] [DEBUG] [PROTOCOL] Received 244 bytes
[2026-01-26 19:38:20] [DEBUG] [PROTOCOL] Received 244 bytes
[2026-01-26 19:38:20] [DEBUG] [PROTOCOL] Received 244 bytes
[2026-01-26 19:38:20] [DEBUG] [PROTOCOL] Received 244 bytes
[2026-01-26 19:38:20] [DEBUG] [PROTOCOL] Received 244 bytes
[2026-01-26 19:38:20] [DEBUG] [PROTOCOL] Built command packet: type=0x17
[2026-01-26 19:38:20] [DEBUG] [PROTOCOL] Impedance: processed 100 packets
[2026-01-26 19:38:20] [INFO] [GENERAL] Real-time impedance calculated successfully
[2026-01-26 19:38:20] [DEBUG] [GENERAL] REF: 10853.966797 Ω, GND: 9820.255859 Ω
[2026-01-26 19:38:20] [DEBUG] [GENERAL] CH0: 3115.679199 Ω
[2026-01-26 19:38:20] [DEBUG] [GENERAL] CH1: 3237.815186 Ω
[2026-01-26 19:38:20] [DEBUG] [GENERAL] CH2: 18710.968750 Ω
[2026-01-26 19:38:20] [DEBUG] [GENERAL] CH3: 16626.685547 Ω
[2026-01-26 19:38:20] [DEBUG] [GENERAL] CH4: 15188.880859 Ω
[2026-01-26 19:38:20] [DEBUG] [GENERAL] CH5: 13101.337891 Ω
[2026-01-26 19:38:20] [DEBUG] [GENERAL] CH6: 7132.141113 Ω
[2026-01-26 19:38:20] [DEBUG] [GENERAL] CH7: 5583.379883 Ω
[2026-01-26 19:38:20] [DEBUG] [PROTOCOL] Received 244 bytes
[2026-01-26 19:38:20] [DEBUG] [PROTOCOL] Built command packet: type=0x18
[2026-01-26 19:38:20] [DEBUG] [PROTOCOL] Received 244 bytes
[2026-01-26 19:38:20] [DEBUG] [PROTOCOL] Received 244 bytes
[2026-01-26 19:38:20] [DEBUG] [PROTOCOL] Received 244 bytes
[2026-01-26 19:38:20] [DEBUG] [PROTOCOL] Received 244 bytes
[2026-01-26 19:38:20] [DEBUG] [PROTOCOL] Received 244 bytes
[2026-01-26 19:38:20] [DEBUG] [PROTOCOL] Received 244 bytes
[2026-01-26 19:38:20] [DEBUG] [PROTOCOL] Received 244 bytes
[2026-01-26 19:38:20] [DEBUG] [PROTOCOL] Received 244 bytes
[2026-01-26 19:38:20] [DEBUG] [PROTOCOL] Received 244 bytes
[2026-01-26 19:38:20] [DEBUG] [PROTOCOL] Received 244 bytes
[2026-01-26 19:38:20] [DEBUG] [PROTOCOL] Received 244 bytes
[2026-01-26 19:38:20] [DEBUG] [PROTOCOL] Received 244 bytes
[2026-01-26 19:38:20] [DEBUG] [PROTOCOL] Received 244 bytes
[2026-01-26 19:38:20] [DEBUG] [PROTOCOL] Received 244 bytes
[2026-01-26 19:38:20] [DEBUG] [PROTOCOL] Received 244 bytes
[2026-01-26 19:38:20] [DEBUG] [PROTOCOL] Built command packet: type=0x17
[2026-01-26 19:38:20] [DEBUG] [PROTOCOL] Impedance: processed 100 packets
[2026-01-26 19:38:20] [INFO] [GENERAL] Real-time impedance calculated successfully
[2026-01-26 19:38:20] [DEBUG] [GENERAL] REF: 10832.679688 Ω, GND: 9800.996094 Ω
[2026-01-26 19:38:20] [DEBUG] [GENERAL] CH0: 2958.756836 Ω
[2026-01-26 19:38:20] [DEBUG] [GENERAL] CH1: 1966.699463 Ω
[2026-01-26 19:38:20] [DEBUG] [GENERAL] CH2: 19917.521484 Ω
[2026-01-26 19:38:20] [DEBUG] [GENERAL] CH3: 17930.460938 Ω
[2026-01-26 19:38:20] [DEBUG] [GENERAL] CH4: 16192.497070 Ω
[2026-01-26 19:38:20] [DEBUG] [GENERAL] CH5: 13931.216797 Ω
[2026-01-26 19:38:20] [DEBUG] [GENERAL] CH6: 7251.387207 Ω
[2026-01-26 19:38:20] [DEBUG] [GENERAL] CH7: 2386.164551 Ω
[2026-01-26 19:38:20] [DEBUG] [PROTOCOL] Built command packet: type=0x18
[2026-01-26 19:38:20] [DEBUG] [PROTOCOL] Received 244 bytes
[2026-01-26 19:38:20] [DEBUG] [PROTOCOL] Received 244 bytes
[2026-01-26 19:38:20] [DEBUG] [PROTOCOL] Received 244 bytes
[2026-01-26 19:38:20] [DEBUG] [PROTOCOL] Received 244 bytes
[2026-01-26 19:38:20] [DEBUG] [PROTOCOL] Received 244 bytes
[2026-01-26 19:38:20] [DEBUG] [PROTOCOL] Received 244 bytes
[2026-01-26 19:38:20] [DEBUG] [PROTOCOL] Received 244 bytes
[2026-01-26 19:38:20] [DEBUG] [PROTOCOL] Received 244 bytes
[2026-01-26 19:38:20] [DEBUG] [PROTOCOL] Received 244 bytes
[2026-01-26 19:38:20] [DEBUG] [PROTOCOL] Received 244 bytes
[2026-01-26 19:38:20] [DEBUG] [PROTOCOL] Received 244 bytes
[2026-01-26 19:38:20] [DEBUG] [PROTOCOL] Received 244 bytes
[2026-01-26 19:38:21] [DEBUG] [PROTOCOL] Received 244 bytes
[2026-01-26 19:38:21] [DEBUG] [PROTOCOL] Received 244 bytes
[2026-01-26 19:38:21] [DEBUG] [PROTOCOL] Received 244 bytes
[2026-01-26 19:38:21] [DEBUG] [PROTOCOL] Built command packet: type=0x17
[2026-01-26 19:38:21] [DEBUG] [PROTOCOL] Impedance: processed 100 packets
[2026-01-26 19:38:21] [INFO] [GENERAL] Real-time impedance calculated successfully
[2026-01-26 19:38:21] [DEBUG] [GENERAL] REF: 13154.426758 Ω, GND: 11901.625000 Ω
[2026-01-26 19:38:21] [DEBUG] [GENERAL] CH0: 1882.479980 Ω
[2026-01-26 19:38:21] [DEBUG] [GENERAL] CH1: 1864.380371 Ω
[2026-01-26 19:38:21] [DEBUG] [GENERAL] CH2: 22838.335938 Ω
[2026-01-26 19:38:21] [DEBUG] [GENERAL] CH3: 20962.605469 Ω
[2026-01-26 19:38:21] [DEBUG] [GENERAL] CH4: 19416.898438 Ω
[2026-01-26 19:38:21] [DEBUG] [GENERAL] CH5: 17255.558594 Ω
[2026-01-26 19:38:21] [DEBUG] [GENERAL] CH6: 10661.806641 Ω
[2026-01-26 19:38:21] [DEBUG] [GENERAL] CH7: 5342.138184 Ω
[2026-01-26 19:38:21] [DEBUG] [PROTOCOL] Received 244 bytes
[2026-01-26 19:38:21] [DEBUG] [PROTOCOL] Built command packet: type=0x18
[2026-01-26 19:38:21] [DEBUG] [PROTOCOL] Received 244 bytes
[2026-01-26 19:38:21] [DEBUG] [PROTOCOL] Received 244 bytes
[2026-01-26 19:38:21] [DEBUG] [PROTOCOL] Received 244 bytes
[2026-01-26 19:38:21] [DEBUG] [PROTOCOL] Received 244 bytes
[2026-01-26 19:38:21] [DEBUG] [PROTOCOL] Received 244 bytes
[2026-01-26 19:38:21] [DEBUG] [PROTOCOL] Received 244 bytes
[2026-01-26 19:38:21] [DEBUG] [PROTOCOL] Received 244 bytes
[2026-01-26 19:38:21] [DEBUG] [PROTOCOL] Received 244 bytes
[2026-01-26 19:38:21] [DEBUG] [PROTOCOL] Received 244 bytes
[2026-01-26 19:38:21] [DEBUG] [PROTOCOL] Received 244 bytes
[2026-01-26 19:38:21] [DEBUG] [PROTOCOL] Received 244 bytes
[2026-01-26 19:38:21] [DEBUG] [PROTOCOL] Received 244 bytes
[2026-01-26 19:38:21] [DEBUG] [PROTOCOL] Received 244 bytes
[2026-01-26 19:38:21] [DEBUG] [PROTOCOL] Built command packet: type=0x17
[2026-01-26 19:38:21] [DEBUG] [PROTOCOL] Impedance: processed 100 packets
[2026-01-26 19:38:21] [INFO] [GENERAL] Real-time impedance calculated successfully
[2026-01-26 19:38:21] [DEBUG] [GENERAL] REF: 13101.936523 Ω, GND: 11854.132812 Ω
[2026-01-26 19:38:21] [DEBUG] [GENERAL] CH0: 2735.386475 Ω
[2026-01-26 19:38:21] [DEBUG] [GENERAL] CH1: 2213.800537 Ω
[2026-01-26 19:38:21] [DEBUG] [GENERAL] CH2: 22741.027344 Ω
[2026-01-26 19:38:21] [DEBUG] [GENERAL] CH3: 20930.800781 Ω
[2026-01-26 19:38:21] [DEBUG] [GENERAL] CH4: 19307.117188 Ω
[2026-01-26 19:38:21] [DEBUG] [GENERAL] CH5: 17057.324219 Ω
[2026-01-26 19:38:21] [DEBUG] [GENERAL] CH6: 10433.337891 Ω
[2026-01-26 19:38:21] [DEBUG] [GENERAL] CH7: 4405.492676 Ω
[2026-01-26 19:38:21] [DEBUG] [PROTOCOL] Built command packet: type=0x18
[2026-01-26 19:38:21] [DEBUG] [PROTOCOL] Received 244 bytes
[2026-01-26 19:38:21] [DEBUG] [PROTOCOL] Received 244 bytes
[2026-01-26 19:38:21] [DEBUG] [PROTOCOL] Received 244 bytes
[2026-01-26 19:38:21] [DEBUG] [PROTOCOL] Received 244 bytes
[2026-01-26 19:38:21] [DEBUG] [PROTOCOL] Received 244 bytes
[2026-01-26 19:38:21] [DEBUG] [PROTOCOL] Received 244 bytes
[2026-01-26 19:38:21] [DEBUG] [PROTOCOL] Received 244 bytes
[2026-01-26 19:38:21] [DEBUG] [PROTOCOL] Received 244 bytes
[2026-01-26 19:38:21] [DEBUG] [PROTOCOL] Received 244 bytes
[2026-01-26 19:38:21] [DEBUG] [PROTOCOL] Received 244 bytes
[2026-01-26 19:38:21] [DEBUG] [PROTOCOL] Received 244 bytes
[2026-01-26 19:38:21] [DEBUG] [PROTOCOL] Received 244 bytes
[2026-01-26 19:38:21] [DEBUG] [PROTOCOL] Received 244 bytes
[2026-01-26 19:38:21] [DEBUG] [PROTOCOL] Received 244 bytes
[2026-01-26 19:38:21] [DEBUG] [PROTOCOL] Received 244 bytes
[2026-01-26 19:38:21] [DEBUG] [PROTOCOL] Built command packet: type=0x17
[2026-01-26 19:38:21] [DEBUG] [PROTOCOL] Received 244 bytes
[2026-01-26 19:38:21] [DEBUG] [PROTOCOL] Impedance: processed 100 packets
[2026-01-26 19:38:21] [INFO] [GENERAL] Real-time impedance calculated successfully
[2026-01-26 19:38:21] [DEBUG] [GENERAL] REF: 11565.387695 Ω, GND: 10463.922852 Ω
[2026-01-26 19:38:21] [DEBUG] [GENERAL] CH0: 1964.655273 Ω
[2026-01-26 19:38:21] [DEBUG] [GENERAL] CH1: 1124.988281 Ω
[2026-01-26 19:38:21] [DEBUG] [GENERAL] CH2: 21089.433594 Ω
[2026-01-26 19:38:21] [DEBUG] [GENERAL] CH3: 19059.066406 Ω
[2026-01-26 19:38:21] [DEBUG] [GENERAL] CH4: 17612.083984 Ω
[2026-01-26 19:38:21] [DEBUG] [GENERAL] CH5: 15364.084961 Ω
[2026-01-26 19:38:21] [DEBUG] [GENERAL] CH6: 8581.163086 Ω
[2026-01-26 19:38:21] [DEBUG] [GENERAL] CH7: 3321.762939 Ω
[2026-01-26 19:38:21] [DEBUG] [PROTOCOL] Built command packet: type=0x18
[2026-01-26 19:38:21] [DEBUG] [PROTOCOL] Received 244 bytes
[2026-01-26 19:38:21] [DEBUG] [PROTOCOL] Received 244 bytes
[2026-01-26 19:38:21] [DEBUG] [PROTOCOL] Received 244 bytes
[2026-01-26 19:38:21] [DEBUG] [PROTOCOL] Received 244 bytes
[2026-01-26 19:38:22] [DEBUG] [PROTOCOL] Received 244 bytes
[2026-01-26 19:38:22] [DEBUG] [PROTOCOL] Received 244 bytes
[2026-01-26 19:38:22] [DEBUG] [PROTOCOL] Received 244 bytes
[2026-01-26 19:38:22] [DEBUG] [PROTOCOL] Received 244 bytes
[2026-01-26 19:38:22] [DEBUG] [PROTOCOL] Received 244 bytes
[2026-01-26 19:38:22] [DEBUG] [PROTOCOL] Received 244 bytes
[2026-01-26 19:38:22] [DEBUG] [PROTOCOL] Received 244 bytes
[2026-01-26 19:38:22] [DEBUG] [PROTOCOL] Received 244 bytes
[2026-01-26 19:38:22] [DEBUG] [PROTOCOL] Received 244 bytes
[2026-01-26 19:38:22] [DEBUG] [PROTOCOL] Built command packet: type=0x17
[2026-01-26 19:38:22] [DEBUG] [PROTOCOL] Impedance: processed 100 packets
[2026-01-26 19:38:22] [INFO] [GENERAL] Real-time impedance calculated successfully
[2026-01-26 19:38:22] [DEBUG] [GENERAL] REF: 11125.000000 Ω, GND: 10065.476562 Ω
[2026-01-26 19:38:22] [DEBUG] [GENERAL] CH0: 1862.440796 Ω
[2026-01-26 19:38:22] [DEBUG] [GENERAL] CH1: 1063.648682 Ω
[2026-01-26 19:38:22] [DEBUG] [GENERAL] CH2: 20335.080078 Ω
[2026-01-26 19:38:22] [DEBUG] [GENERAL] CH3: 18424.707031 Ω
[2026-01-26 19:38:22] [DEBUG] [GENERAL] CH4: 16924.398438 Ω
[2026-01-26 19:38:22] [DEBUG] [GENERAL] CH5: 14789.740234 Ω
[2026-01-26 19:38:22] [DEBUG] [GENERAL] CH6: 8135.107910 Ω
[2026-01-26 19:38:22] [DEBUG] [GENERAL] CH7: 3226.782471 Ω
[2026-01-26 19:38:22] [DEBUG] [PROTOCOL] Received 244 bytes
[2026-01-26 19:38:22] [DEBUG] [PROTOCOL] Built command packet: type=0x18
[2026-01-26 19:38:22] [DEBUG] [PROTOCOL] Received 244 bytes
[2026-01-26 19:38:22] [DEBUG] [PROTOCOL] Received 244 bytes
[2026-01-26 19:38:22] [DEBUG] [PROTOCOL] Received 244 bytes
[2026-01-26 19:38:22] [DEBUG] [PROTOCOL] Received 244 bytes
[2026-01-26 19:38:22] [DEBUG] [PROTOCOL] Received 244 bytes
[2026-01-26 19:38:22] [DEBUG] [PROTOCOL] Received 244 bytes
[2026-01-26 19:38:22] [DEBUG] [PROTOCOL] Received 244 bytes
[2026-01-26 19:38:22] [DEBUG] [PROTOCOL] Received 244 bytes
[2026-01-26 19:38:22] [DEBUG] [PROTOCOL] Received 244 bytes
[2026-01-26 19:38:22] [DEBUG] [PROTOCOL] Received 244 bytes
[2026-01-26 19:38:22] [DEBUG] [PROTOCOL] Received 244 bytes
[2026-01-26 19:38:22] [DEBUG] [PROTOCOL] Received 244 bytes
[2026-01-26 19:38:22] [DEBUG] [PROTOCOL] Built command packet: type=0x17
[2026-01-26 19:38:22] [DEBUG] [PROTOCOL] Impedance: processed 100 packets
[2026-01-26 19:38:22] [INFO] [GENERAL] Real-time impedance calculated successfully
[2026-01-26 19:38:22] [DEBUG] [GENERAL] REF: 12784.852539 Ω, GND: 11567.248047 Ω
[2026-01-26 19:38:22] [DEBUG] [GENERAL] CH0: 1094.399292 Ω
[2026-01-26 19:38:22] [DEBUG] [GENERAL] CH1: 2008.483032 Ω
[2026-01-26 19:38:22] [DEBUG] [GENERAL] CH2: 21963.880859 Ω
[2026-01-26 19:38:22] [DEBUG] [GENERAL] CH3: 20222.357422 Ω
[2026-01-26 19:38:22] [DEBUG] [GENERAL] CH4: 18898.978516 Ω
[2026-01-26 19:38:22] [DEBUG] [GENERAL] CH5: 16774.507812 Ω
[2026-01-26 19:38:22] [DEBUG] [GENERAL] CH6: 10460.617188 Ω
[2026-01-26 19:38:22] [DEBUG] [GENERAL] CH7: 5985.183594 Ω
[2026-01-26 19:38:22] [DEBUG] [PROTOCOL] Built command packet: type=0x18
[2026-01-26 19:38:22] [DEBUG] [PROTOCOL] Received 244 bytes
[2026-01-26 19:38:22] [DEBUG] [PROTOCOL] Received 244 bytes
[2026-01-26 19:38:22] [DEBUG] [PROTOCOL] Received 244 bytes
[2026-01-26 19:38:22] [DEBUG] [PROTOCOL] Received 244 bytes
[2026-01-26 19:38:22] [DEBUG] [PROTOCOL] Received 244 bytes
[2026-01-26 19:38:22] [DEBUG] [PROTOCOL] Received 244 bytes
[2026-01-26 19:38:22] [DEBUG] [PROTOCOL] Received 244 bytes
[2026-01-26 19:38:22] [DEBUG] [PROTOCOL] Received 244 bytes
[2026-01-26 19:38:22] [DEBUG] [PROTOCOL] Received 244 bytes
[2026-01-26 19:38:22] [DEBUG] [PROTOCOL] Received 244 bytes
[2026-01-26 19:38:22] [DEBUG] [PROTOCOL] Received 244 bytes
[2026-01-26 19:38:22] [DEBUG] [PROTOCOL] Received 244 bytes
[2026-01-26 19:38:22] [DEBUG] [PROTOCOL] Received 244 bytes
[2026-01-26 19:38:22] [DEBUG] [PROTOCOL] Built command packet: type=0x17
[2026-01-26 19:38:22] [DEBUG] [PROTOCOL] Impedance: processed 100 packets
[2026-01-26 19:38:22] [INFO] [GENERAL] Real-time impedance calculated successfully
[2026-01-26 19:38:22] [DEBUG] [GENERAL] REF: 10201.655273 Ω, GND: 9230.069336 Ω
[2026-01-26 19:38:22] [DEBUG] [GENERAL] CH0: 3646.404053 Ω
[2026-01-26 19:38:22] [DEBUG] [GENERAL] CH1: 3059.118896 Ω
[2026-01-26 19:38:22] [DEBUG] [GENERAL] CH2: 18108.818359 Ω
[2026-01-26 19:38:22] [DEBUG] [GENERAL] CH3: 16269.315430 Ω
[2026-01-26 19:38:22] [DEBUG] [GENERAL] CH4: 14876.431641 Ω
[2026-01-26 19:38:22] [DEBUG] [GENERAL] CH5: 12852.731445 Ω
[2026-01-26 19:38:22] [DEBUG] [GENERAL] CH6: 6322.793945 Ω
[2026-01-26 19:38:22] [DEBUG] [GENERAL] CH7: 2591.284668 Ω
[2026-01-26 19:38:22] [DEBUG] [PROTOCOL] Built command packet: type=0x18
[2026-01-26 19:38:22] [DEBUG] [PROTOCOL] Received 244 bytes
[2026-01-26 19:38:22] [DEBUG] [PROTOCOL] Received 244 bytes
[2026-01-26 19:38:23] [DEBUG] [PROTOCOL] Received 244 bytes
[2026-01-26 19:38:23] [DEBUG] [PROTOCOL] Received 244 bytes
[2026-01-26 19:38:23] [DEBUG] [PROTOCOL] Received 244 bytes
[2026-01-26 19:38:23] [DEBUG] [PROTOCOL] Received 244 bytes
[2026-01-26 19:38:23] [DEBUG] [PROTOCOL] Received 244 bytes
[2026-01-26 19:38:23] [DEBUG] [PROTOCOL] Received 244 bytes
[2026-01-26 19:38:23] [DEBUG] [PROTOCOL] Received 244 bytes
[2026-01-26 19:38:23] [DEBUG] [PROTOCOL] Received 244 bytes
[2026-01-26 19:38:23] [DEBUG] [PROTOCOL] Received 244 bytes
[2026-01-26 19:38:23] [DEBUG] [PROTOCOL] Received 244 bytes
[2026-01-26 19:38:23] [DEBUG] [PROTOCOL] Received 244 bytes
[2026-01-26 19:38:23] [DEBUG] [PROTOCOL] Received 244 bytes
[2026-01-26 19:38:23] [DEBUG] [PROTOCOL] Built command packet: type=0x17
[2026-01-26 19:38:23] [DEBUG] [PROTOCOL] Impedance: processed 100 packets
[2026-01-26 19:38:23] [INFO] [GENERAL] Real-time impedance calculated successfully
[2026-01-26 19:38:23] [DEBUG] [GENERAL] REF: 10665.545898 Ω, GND: 9649.780273 Ω
[2026-01-26 19:38:23] [DEBUG] [GENERAL] CH0: 3020.546631 Ω
[2026-01-26 19:38:23] [DEBUG] [GENERAL] CH1: 2274.520020 Ω
[2026-01-26 19:38:23] [DEBUG] [GENERAL] CH2: 19209.626953 Ω
[2026-01-26 19:38:23] [DEBUG] [GENERAL] CH3: 17467.287109 Ω
[2026-01-26 19:38:23] [DEBUG] [GENERAL] CH4: 16068.776367 Ω
[2026-01-26 19:38:23] [DEBUG] [GENERAL] CH5: 14022.590820 Ω
[2026-01-26 19:38:23] [DEBUG] [GENERAL] CH6: 7350.834473 Ω
[2026-01-26 19:38:23] [DEBUG] [GENERAL] CH7: 1847.115845 Ω
[2026-01-26 19:38:23] [DEBUG] [PROTOCOL] Built command packet: type=0x18
[2026-01-26 19:38:23] [DEBUG] [PROTOCOL] Received 244 bytes
[2026-01-26 19:38:23] [DEBUG] [PROTOCOL] Received 244 bytes
[2026-01-26 19:38:23] [DEBUG] [PROTOCOL] Received 244 bytes
[2026-01-26 19:38:23] [DEBUG] [PROTOCOL] Received 244 bytes
[2026-01-26 19:38:23] [DEBUG] [PROTOCOL] Received 244 bytes
[2026-01-26 19:38:23] [DEBUG] [PROTOCOL] Received 244 bytes
[2026-01-26 19:38:23] [DEBUG] [PROTOCOL] Received 244 bytes
[2026-01-26 19:38:23] [DEBUG] [PROTOCOL] Received 244 bytes
[2026-01-26 19:38:23] [DEBUG] [PROTOCOL] Received 244 bytes
[2026-01-26 19:38:23] [DEBUG] [PROTOCOL] Received 244 bytes
[2026-01-26 19:38:23] [DEBUG] [PROTOCOL] Received 244 bytes
[2026-01-26 19:38:23] [DEBUG] [PROTOCOL] Received 244 bytes
[2026-01-26 19:38:23] [DEBUG] [PROTOCOL] Built command packet: type=0x17
[2026-01-26 19:38:23] [DEBUG] [PROTOCOL] Impedance: processed 100 packets
[2026-01-26 19:38:23] [INFO] [GENERAL] Real-time impedance calculated successfully
[2026-01-26 19:38:23] [DEBUG] [GENERAL] REF: 14772.780273 Ω, GND: 13365.849609 Ω
[2026-01-26 19:38:23] [DEBUG] [GENERAL] CH0: 3018.987549 Ω
[2026-01-26 19:38:23] [DEBUG] [GENERAL] CH1: 3357.048096 Ω
[2026-01-26 19:38:23] [DEBUG] [GENERAL] CH2: 24357.859375 Ω
[2026-01-26 19:38:23] [DEBUG] [GENERAL] CH3: 22564.082031 Ω
[2026-01-26 19:38:23] [DEBUG] [GENERAL] CH4: 21148.347656 Ω
[2026-01-26 19:38:23] [DEBUG] [GENERAL] CH5: 19138.025391 Ω
[2026-01-26 19:38:23] [DEBUG] [GENERAL] CH6: 12388.758789 Ω
[2026-01-26 19:38:23] [DEBUG] [GENERAL] CH7: 6581.416992 Ω
[2026-01-26 19:38:23] [DEBUG] [PROTOCOL] Built command packet: type=0x18
[2026-01-26 19:38:23] [DEBUG] [PROTOCOL] Received 244 bytes
[2026-01-26 19:38:23] [DEBUG] [PROTOCOL] Received 244 bytes
[2026-01-26 19:38:23] [DEBUG] [PROTOCOL] Received 244 bytes
[2026-01-26 19:38:23] [DEBUG] [PROTOCOL] Received 244 bytes
[2026-01-26 19:38:23] [DEBUG] [PROTOCOL] Received 244 bytes
[2026-01-26 19:38:23] [DEBUG] [PROTOCOL] Received 244 bytes
[2026-01-26 19:38:23] [DEBUG] [PROTOCOL] Received 244 bytes
[2026-01-26 19:38:23] [DEBUG] [PROTOCOL] Received 244 bytes
[2026-01-26 19:38:23] [DEBUG] [PROTOCOL] Received 244 bytes
[2026-01-26 19:38:23] [DEBUG] [PROTOCOL] Received 244 bytes
[2026-01-26 19:38:23] [DEBUG] [PROTOCOL] Received 244 bytes
[2026-01-26 19:38:23] [DEBUG] [PROTOCOL] Received 244 bytes
[2026-01-26 19:38:23] [DEBUG] [PROTOCOL] Built command packet: type=0x17
[2026-01-26 19:38:23] [DEBUG] [PROTOCOL] Impedance: processed 100 packets
[2026-01-26 19:38:23] [INFO] [GENERAL] Real-time impedance calculated successfully
[2026-01-26 19:38:23] [DEBUG] [GENERAL] REF: 12279.183594 Ω, GND: 11109.737305 Ω
[2026-01-26 19:38:23] [DEBUG] [GENERAL] CH0: 627.992188 Ω
[2026-01-26 19:38:23] [DEBUG] [GENERAL] CH1: 1131.296387 Ω
[2026-01-26 19:38:23] [DEBUG] [GENERAL] CH2: 21451.763672 Ω
[2026-01-26 19:38:23] [DEBUG] [GENERAL] CH3: 19805.859375 Ω
[2026-01-26 19:38:23] [DEBUG] [GENERAL] CH4: 18633.451172 Ω
[2026-01-26 19:38:23] [DEBUG] [GENERAL] CH5: 16606.611328 Ω
[2026-01-26 19:38:23] [DEBUG] [GENERAL] CH6: 10226.525391 Ω
[2026-01-26 19:38:23] [DEBUG] [GENERAL] CH7: 5072.190430 Ω
[2026-01-26 19:38:23] [DEBUG] [PROTOCOL] Received 244 bytes
[2026-01-26 19:38:23] [DEBUG] [PROTOCOL] Built command packet: type=0x18
[2026-01-26 19:38:24] [DEBUG] [PROTOCOL] Received 244 bytes
[2026-01-26 19:38:24] [DEBUG] [PROTOCOL] Received 244 bytes
[2026-01-26 19:38:24] [DEBUG] [PROTOCOL] Received 244 bytes
[2026-01-26 19:38:24] [DEBUG] [PROTOCOL] Received 244 bytes
[2026-01-26 19:38:24] [DEBUG] [PROTOCOL] Received 244 bytes
[2026-01-26 19:38:24] [DEBUG] [PROTOCOL] Received 244 bytes
[2026-01-26 19:38:24] [DEBUG] [PROTOCOL] Received 244 bytes
[2026-01-26 19:38:24] [DEBUG] [PROTOCOL] Received 244 bytes
[2026-01-26 19:38:24] [DEBUG] [PROTOCOL] Received 244 bytes
[2026-01-26 19:38:24] [DEBUG] [PROTOCOL] Received 244 bytes
[2026-01-26 19:38:24] [DEBUG] [PROTOCOL] Built command packet: type=0x17
[2026-01-26 19:38:24] [DEBUG] [PROTOCOL] Received 244 bytes
[2026-01-26 19:38:24] [DEBUG] [PROTOCOL] Impedance: processed 100 packets
[2026-01-26 19:38:24] [INFO] [GENERAL] Real-time impedance calculated successfully
[2026-01-26 19:38:24] [DEBUG] [GENERAL] REF: 13308.984375 Ω, GND: 12041.461914 Ω
[2026-01-26 19:38:24] [DEBUG] [GENERAL] CH0: 1717.519897 Ω
[2026-01-26 19:38:24] [DEBUG] [GENERAL] CH1: 2329.925537 Ω
[2026-01-26 19:38:24] [DEBUG] [GENERAL] CH2: 22291.484375 Ω
[2026-01-26 19:38:24] [DEBUG] [GENERAL] CH3: 20754.363281 Ω
[2026-01-26 19:38:24] [DEBUG] [GENERAL] CH4: 19538.947266 Ω
[2026-01-26 19:38:24] [DEBUG] [GENERAL] CH5: 17510.794922 Ω
[2026-01-26 19:38:24] [DEBUG] [GENERAL] CH6: 11093.929688 Ω
[2026-01-26 19:38:24] [DEBUG] [GENERAL] CH7: 6164.818848 Ω
[2026-01-26 19:38:24] [DEBUG] [PROTOCOL] Built command packet: type=0x18
[2026-01-26 19:38:24] [DEBUG] [PROTOCOL] Received 244 bytes
[2026-01-26 19:38:24] [DEBUG] [PROTOCOL] Received 244 bytes
[2026-01-26 19:38:24] [DEBUG] [PROTOCOL] Received 244 bytes
[2026-01-26 19:38:24] [DEBUG] [PROTOCOL] Received 244 bytes
[2026-01-26 19:38:24] [DEBUG] [PROTOCOL] Received 244 bytes
[2026-01-26 19:38:24] [DEBUG] [PROTOCOL] Received 244 bytes
[2026-01-26 19:38:24] [DEBUG] [PROTOCOL] Received 244 bytes
[2026-01-26 19:38:24] [DEBUG] [PROTOCOL] Received 244 bytes
[2026-01-26 19:38:24] [DEBUG] [PROTOCOL] Received 244 bytes
[2026-01-26 19:38:24] [DEBUG] [PROTOCOL] Received 244 bytes
[2026-01-26 19:38:24] [DEBUG] [PROTOCOL] Built command packet: type=0x17
[2026-01-26 19:38:24] [DEBUG] [PROTOCOL] Impedance: processed 98 packets
[2026-01-26 19:38:24] [INFO] [GENERAL] Real-time impedance calculated successfully
[2026-01-26 19:38:24] [DEBUG] [GENERAL] REF: 11917.300781 Ω, GND: 10782.320312 Ω
[2026-01-26 19:38:24] [DEBUG] [GENERAL] CH0: 2424.940186 Ω
[2026-01-26 19:38:24] [DEBUG] [GENERAL] CH1: 1534.328003 Ω
[2026-01-26 19:38:24] [DEBUG] [GENERAL] CH2: 21896.433594 Ω
[2026-01-26 19:38:24] [DEBUG] [GENERAL] CH3: 19781.205078 Ω
[2026-01-26 19:38:24] [DEBUG] [GENERAL] CH4: 17946.519531 Ω
[2026-01-26 19:38:24] [DEBUG] [GENERAL] CH5: 15535.370117 Ω
[2026-01-26 19:38:24] [DEBUG] [GENERAL] CH6: 8473.991211 Ω
[2026-01-26 19:38:24] [DEBUG] [GENERAL] CH7: 3205.693848 Ω
[2026-01-26 19:38:24] [DEBUG] [PROTOCOL] Built command packet: type=0x18
[2026-01-26 19:38:24] [DEBUG] [PROTOCOL] Received 244 bytes
[2026-01-26 19:38:24] [DEBUG] [PROTOCOL] Received 244 bytes
[2026-01-26 19:38:24] [DEBUG] [PROTOCOL] Received 244 bytes
[2026-01-26 19:38:24] [DEBUG] [PROTOCOL] Received 244 bytes
[2026-01-26 19:38:24] [DEBUG] [PROTOCOL] Received 244 bytes
[2026-01-26 19:38:24] [DEBUG] [PROTOCOL] Received 244 bytes
[2026-01-26 19:38:24] [DEBUG] [PROTOCOL] Received 244 bytes
[2026-01-26 19:38:24] [DEBUG] [PROTOCOL] Received 244 bytes
[2026-01-26 19:38:24] [DEBUG] [PROTOCOL] Received 244 bytes
[2026-01-26 19:38:24] [DEBUG] [PROTOCOL] Received 244 bytes
[2026-01-26 19:38:24] [DEBUG] [PROTOCOL] Received 244 bytes
[2026-01-26 19:38:24] [DEBUG] [PROTOCOL] Built command packet: type=0x17
[2026-01-26 19:38:24] [DEBUG] [PROTOCOL] Impedance: processed 74 packets
[2026-01-26 19:38:24] [INFO] [GENERAL] Real-time impedance calculated successfully
[2026-01-26 19:38:24] [DEBUG] [GENERAL] REF: 10796.986328 Ω, GND: 9768.702148 Ω
[2026-01-26 19:38:24] [DEBUG] [GENERAL] CH0: 2473.247314 Ω
[2026-01-26 19:38:24] [DEBUG] [GENERAL] CH1: 1900.887451 Ω
[2026-01-26 19:38:24] [DEBUG] [GENERAL] CH2: 21141.525391 Ω
[2026-01-26 19:38:24] [DEBUG] [GENERAL] CH3: 18655.806641 Ω
[2026-01-26 19:38:24] [DEBUG] [GENERAL] CH4: 16562.957031 Ω
[2026-01-26 19:38:24] [DEBUG] [GENERAL] CH5: 14026.934570 Ω
[2026-01-26 19:38:24] [DEBUG] [GENERAL] CH6: 6416.685059 Ω
[2026-01-26 19:38:24] [DEBUG] [GENERAL] CH7: 1084.707520 Ω
[2026-01-26 19:38:24] [DEBUG] [PROTOCOL] Built command packet: type=0x18
[2026-01-26 19:38:24] [DEBUG] [PROTOCOL] Received 244 bytes
[2026-01-26 19:38:24] [DEBUG] [PROTOCOL] Received 244 bytes
[2026-01-26 19:38:24] [DEBUG] [PROTOCOL] Received 244 bytes
[2026-01-26 19:38:24] [DEBUG] [PROTOCOL] Received 244 bytes
[2026-01-26 19:38:24] [DEBUG] [PROTOCOL] Received 244 bytes
[2026-01-26 19:38:25] [DEBUG] [PROTOCOL] Received 244 bytes
[2026-01-26 19:38:25] [DEBUG] [PROTOCOL] Received 244 bytes
[2026-01-26 19:38:25] [DEBUG] [PROTOCOL] Received 244 bytes
[2026-01-26 19:38:25] [DEBUG] [PROTOCOL] Received 244 bytes
[2026-01-26 19:38:25] [DEBUG] [PROTOCOL] Received 244 bytes
[2026-01-26 19:38:25] [DEBUG] [PROTOCOL] Built command packet: type=0x17
[2026-01-26 19:38:25] [DEBUG] [PROTOCOL] Impedance: processed 68 packets
[2026-01-26 19:38:25] [INFO] [GENERAL] Real-time impedance calculated successfully
[2026-01-26 19:38:25] [DEBUG] [GENERAL] REF: 12959.978516 Ω, GND: 11725.695312 Ω
[2026-01-26 19:38:25] [DEBUG] [GENERAL] CH0: 1565.964722 Ω
[2026-01-26 19:38:25] [DEBUG] [GENERAL] CH1: 2172.993408 Ω
[2026-01-26 19:38:25] [DEBUG] [GENERAL] CH2: 21986.839844 Ω
[2026-01-26 19:38:25] [DEBUG] [GENERAL] CH3: 20394.585938 Ω
[2026-01-26 19:38:25] [DEBUG] [GENERAL] CH4: 19126.593750 Ω
[2026-01-26 19:38:25] [DEBUG] [GENERAL] CH5: 17213.015625 Ω
[2026-01-26 19:38:25] [DEBUG] [GENERAL] CH6: 10624.672852 Ω
[2026-01-26 19:38:25] [DEBUG] [GENERAL] CH7: 5658.032227 Ω
[2026-01-26 19:38:25] [DEBUG] [PROTOCOL] Built command packet: type=0x18
[2026-01-26 19:38:25] [DEBUG] [PROTOCOL] Received 244 bytes
[2026-01-26 19:38:25] [DEBUG] [PROTOCOL] Received 244 bytes
[2026-01-26 19:38:25] [DEBUG] [PROTOCOL] Received 244 bytes
[2026-01-26 19:38:25] [DEBUG] [PROTOCOL] Received 244 bytes
[2026-01-26 19:38:25] [DEBUG] [PROTOCOL] Received 244 bytes
[2026-01-26 19:38:25] [DEBUG] [PROTOCOL] Received 244 bytes
[2026-01-26 19:38:25] [DEBUG] [PROTOCOL] Received 244 bytes
[2026-01-26 19:38:25] [DEBUG] [PROTOCOL] Received 244 bytes
[2026-01-26 19:38:25] [DEBUG] [PROTOCOL] Received 244 bytes
[2026-01-26 19:38:25] [DEBUG] [PROTOCOL] Received 244 bytes
[2026-01-26 19:38:25] [DEBUG] [PROTOCOL] Received 244 bytes
[2026-01-26 19:38:25] [DEBUG] [PROTOCOL] Received 244 bytes
[2026-01-26 19:38:25] [DEBUG] [PROTOCOL] Received 244 bytes
[2026-01-26 19:38:25] [DEBUG] [PROTOCOL] Received 244 bytes
[2026-01-26 19:38:25] [DEBUG] [PROTOCOL] Received 244 bytes
[2026-01-26 19:38:25] [DEBUG] [PROTOCOL] Received 244 bytes
[2026-01-26 19:38:25] [DEBUG] [PROTOCOL] Received 244 bytes
[2026-01-26 19:38:25] [DEBUG] [PROTOCOL] Received 244 bytes
[2026-01-26 19:38:25] [DEBUG] [PROTOCOL] Received 244 bytes
[2026-01-26 19:38:25] [DEBUG] [PROTOCOL] Received 244 bytes
[2026-01-26 19:38:25] [DEBUG] [PROTOCOL] Received 244 bytes
[2026-01-26 19:38:25] [DEBUG] [PROTOCOL] Received 244 bytes
[2026-01-26 19:38:25] [DEBUG] [PROTOCOL] Received 244 bytes
[2026-01-26 19:38:25] [DEBUG] [PROTOCOL] Received 244 bytes
[2026-01-26 19:38:25] [DEBUG] [PROTOCOL] Received 244 bytes
[2026-01-26 19:38:25] [DEBUG] [PROTOCOL] Received 244 bytes
[2026-01-26 19:38:25] [DEBUG] [PROTOCOL] Received 244 bytes
[2026-01-26 19:38:25] [DEBUG] [PROTOCOL] Received 244 bytes
[2026-01-26 19:38:25] [DEBUG] [PROTOCOL] Received 244 bytes
[2026-01-26 19:38:25] [DEBUG] [PROTOCOL] Received 244 bytes
[2026-01-26 19:38:25] [DEBUG] [PROTOCOL] Received 244 bytes
[2026-01-26 19:38:25] [DEBUG] [PROTOCOL] Received 244 bytes
[2026-01-26 19:38:26] [DEBUG] [PROTOCOL] Received 244 bytes
[2026-01-26 19:38:26] [DEBUG] [PROTOCOL] Received 244 bytes
[2026-01-26 19:38:26] [DEBUG] [PROTOCOL] Received 244 bytes
[2026-01-26 19:38:26] [DEBUG] [PROTOCOL] Received 244 bytes
[2026-01-26 19:38:26] [DEBUG] [PROTOCOL] Received 244 bytes
[2026-01-26 19:38:26] [DEBUG] [PROTOCOL] Received 244 bytes
[2026-01-26 19:38:26] [DEBUG] [PROTOCOL] Received 244 bytes
[2026-01-26 19:38:26] [DEBUG] [PROTOCOL] Received 244 bytes
[2026-01-26 19:38:26] [DEBUG] [PROTOCOL] Received 244 bytes
[2026-01-26 19:38:26] [DEBUG] [PROTOCOL] Received 244 bytes
[2026-01-26 19:38:26] [DEBUG] [PROTOCOL] Received 244 bytes
[2026-01-26 19:38:26] [DEBUG] [PROTOCOL] Received 244 bytes
[2026-01-26 19:38:26] [DEBUG] [PROTOCOL] Received 244 bytes
[2026-01-26 19:38:26] [DEBUG] [PROTOCOL] Received 244 bytes
[2026-01-26 19:38:26] [DEBUG] [PROTOCOL] Received 244 bytes
[2026-01-26 19:38:26] [DEBUG] [PROTOCOL] Received 244 bytes
[2026-01-26 19:38:26] [DEBUG] [PROTOCOL] Received 244 bytes
[2026-01-26 19:38:26] [DEBUG] [PROTOCOL] Received 244 bytes
[2026-01-26 19:38:26] [DEBUG] [PROTOCOL] Received 244 bytes
[2026-01-26 19:38:26] [DEBUG] [PROTOCOL] Received 244 bytes
[2026-01-26 19:38:26] [DEBUG] [PROTOCOL] Received 244 bytes
[2026-01-26 19:38:26] [DEBUG] [PROTOCOL] Received 244 bytes
[2026-01-26 19:38:26] [DEBUG] [PROTOCOL] Received 244 bytes
[2026-01-26 19:38:26] [DEBUG] [PROTOCOL] Received 244 bytes
[2026-01-26 19:38:26] [DEBUG] [PROTOCOL] Received 244 bytes
[2026-01-26 19:38:26] [DEBUG] [PROTOCOL] Received 244 bytes
[2026-01-26 19:38:26] [DEBUG] [PROTOCOL] Received 244 bytes
[2026-01-26 19:38:26] [DEBUG] [PROTOCOL] Received 244 bytes
[2026-01-26 19:38:26] [DEBUG] [PROTOCOL] Received 244 bytes
[2026-01-26 19:38:26] [DEBUG] [PROTOCOL] Received 244 bytes
[2026-01-26 19:38:26] [DEBUG] [PROTOCOL] Received 244 bytes
[2026-01-26 19:38:26] [DEBUG] [PROTOCOL] Received 244 bytes
[2026-01-26 19:38:26] [DEBUG] [PROTOCOL] Received 244 bytes
[2026-01-26 19:38:26] [DEBUG] [PROTOCOL] Received 244 bytes
[2026-01-26 19:38:26] [DEBUG] [PROTOCOL] Received 244 bytes
[2026-01-26 19:38:26] [DEBUG] [PROTOCOL] Received 244 bytes
[2026-01-26 19:38:26] [DEBUG] [PROTOCOL] Received 244 bytes
[2026-01-26 19:38:27] [DEBUG] [PROTOCOL] Received 244 bytes
[2026-01-26 19:38:27] [DEBUG] [PROTOCOL] Received 244 bytes
[2026-01-26 19:38:27] [DEBUG] [PROTOCOL] Received 244 bytes
[2026-01-26 19:38:27] [DEBUG] [PROTOCOL] Received 244 bytes
[2026-01-26 19:38:27] [DEBUG] [PROTOCOL] Received 244 bytes
[2026-01-26 19:38:27] [DEBUG] [PROTOCOL] Received 244 bytes
[2026-01-26 19:38:27] [DEBUG] [PROTOCOL] Received 244 bytes
[2026-01-26 19:38:27] [DEBUG] [PROTOCOL] Received 244 bytes
[2026-01-26 19:38:27] [DEBUG] [PROTOCOL] Received 244 bytes
[2026-01-26 19:38:27] [DEBUG] [PROTOCOL] Received 244 bytes
[2026-01-26 19:38:27] [DEBUG] [PROTOCOL] Received 244 bytes
[2026-01-26 19:38:27] [DEBUG] [PROTOCOL] Received 244 bytes
[2026-01-26 19:38:27] [DEBUG] [PROTOCOL] Received 244 bytes
[2026-01-26 19:38:27] [DEBUG] [PROTOCOL] Received 244 bytes
[2026-01-26 19:38:27] [DEBUG] [PROTOCOL] Received 244 bytes
[2026-01-26 19:38:27] [DEBUG] [PROTOCOL] Received 244 bytes
[2026-01-26 19:38:27] [DEBUG] [PROTOCOL] Received 244 bytes
[2026-01-26 19:38:27] [DEBUG] [PROTOCOL] Received 244 bytes
[2026-01-26 19:38:27] [DEBUG] [PROTOCOL] Received 244 bytes
[2026-01-26 19:38:27] [DEBUG] [PROTOCOL] Received 244 bytes
[2026-01-26 19:38:27] [DEBUG] [PROTOCOL] Received 244 bytes
[2026-01-26 19:38:27] [DEBUG] [PROTOCOL] Received 244 bytes
[2026-01-26 19:38:27] [DEBUG] [PROTOCOL] Received 244 bytes
[2026-01-26 19:38:27] [DEBUG] [PROTOCOL] Received 244 bytes
[2026-01-26 19:38:27] [DEBUG] [PROTOCOL] Received 244 bytes
[2026-01-26 19:38:27] [DEBUG] [PROTOCOL] Received 244 bytes
[2026-01-26 19:38:27] [DEBUG] [PROTOCOL] Received 244 bytes
[2026-01-26 19:38:27] [DEBUG] [PROTOCOL] Received 244 bytes
[2026-01-26 19:38:27] [DEBUG] [PROTOCOL] Received 244 bytes
[2026-01-26 19:38:27] [DEBUG] [PROTOCOL] Received 244 bytes
[2026-01-26 19:38:27] [DEBUG] [PROTOCOL] Received 244 bytes
[2026-01-26 19:38:27] [DEBUG] [PROTOCOL] Received 244 bytes
[2026-01-26 19:38:27] [DEBUG] [PROTOCOL] Received 244 bytes
[2026-01-26 19:38:27] [DEBUG] [PROTOCOL] Received 244 bytes
[2026-01-26 19:38:27] [DEBUG] [PROTOCOL] Received 244 bytes
[2026-01-26 19:38:27] [DEBUG] [PROTOCOL] Received 244 bytes
[2026-01-26 19:38:28] [DEBUG] [PROTOCOL] Received 244 bytes
[2026-01-26 19:38:28] [DEBUG] [PROTOCOL] Received 244 bytes
[2026-01-26 19:38:28] [DEBUG] [PROTOCOL] Received 244 bytes
[2026-01-26 19:38:28] [INFO] [GENERAL] Switched to NORMAL mode: expandable buffer (no data loss)
[2026-01-26 19:38:28] [DEBUG] [PROTOCOL] Built command packet: type=0x16
[2026-01-26 19:38:28] [DEBUG] [PROTOCOL] Built command packet: type=0x18
[2026-01-26 19:38:28] [DEBUG] [PROTOCOL] Received 244 bytes
[2026-01-26 19:38:28] [DEBUG] [PROTOCOL] Received 244 bytes
[2026-01-26 19:38:28] [DEBUG] [PROTOCOL] Received 244 bytes
[2026-01-26 19:38:28] [DEBUG] [PROTOCOL] Received 244 bytes
[2026-01-26 19:38:28] [DEBUG] [PROTOCOL] Received 244 bytes
[2026-01-26 19:38:28] [DEBUG] [PROTOCOL] Received 244 bytes
[2026-01-26 19:38:28] [DEBUG] [PROTOCOL] Received 244 bytes
[2026-01-26 19:38:28] [DEBUG] [PROTOCOL] Received 244 bytes
[2026-01-26 19:38:28] [DEBUG] [PROTOCOL] Received 244 bytes
[2026-01-26 19:38:28] [DEBUG] [PROTOCOL] Received 244 bytes
[2026-01-26 19:38:28] [DEBUG] [PROTOCOL] Received 244 bytes
[2026-01-26 19:38:28] [DEBUG] [PROTOCOL] Received 244 bytes
[2026-01-26 19:38:28] [DEBUG] [PROTOCOL] Received 244 bytes
[2026-01-26 19:38:28] [DEBUG] [PROTOCOL] Received 244 bytes
[2026-01-26 19:38:28] [DEBUG] [PROTOCOL] Received 244 bytes
[2026-01-26 19:38:28] [DEBUG] [PROTOCOL] Received 244 bytes
[2026-01-26 19:38:28] [DEBUG] [PROTOCOL] Received 244 bytes
[2026-01-26 19:38:28] [DEBUG] [PROTOCOL] Received 244 bytes
[2026-01-26 19:38:28] [DEBUG] [PROTOCOL] Received 244 bytes
[2026-01-26 19:38:28] [DEBUG] [PROTOCOL] Received 244 bytes
[2026-01-26 19:38:28] [DEBUG] [PROTOCOL] Received 244 bytes
[2026-01-26 19:38:28] [DEBUG] [PROTOCOL] Built command packet: type=0x16
[2026-01-26 19:38:28] [DEBUG] [PROTOCOL] Extracted 50/50 packets
[2026-01-26 19:38:28] [DEBUG] [PROTOCOL] Received 244 bytes
[2026-01-26 19:38:28] [DEBUG] [PROTOCOL] Received 244 bytes
[2026-01-26 19:38:28] [DEBUG] [PROTOCOL] Received 244 bytes
[2026-01-26 19:38:28] [DEBUG] [PROTOCOL] Received 244 bytes
[2026-01-26 19:38:28] [DEBUG] [PROTOCOL] Received 244 bytes
[2026-01-26 19:38:28] [DEBUG] [PROTOCOL] Received 244 bytes
[2026-01-26 19:38:28] [DEBUG] [PROTOCOL] Received 244 bytes
[2026-01-26 19:38:28] [DEBUG] [PROTOCOL] Built command packet: type=0x18
[2026-01-26 19:38:28] [DEBUG] [PROTOCOL] Received 244 bytes
[2026-01-26 19:38:28] [DEBUG] [PROTOCOL] Received 244 bytes
[2026-01-26 19:38:28] [DEBUG] [PROTOCOL] Received 244 bytes
[2026-01-26 19:38:28] [DEBUG] [PROTOCOL] Received 244 bytes
[2026-01-26 19:38:28] [DEBUG] [PROTOCOL] Received 244 bytes
[2026-01-26 19:38:28] [DEBUG] [PROTOCOL] Received 244 bytes
[2026-01-26 19:38:29] [DEBUG] [PROTOCOL] Received 244 bytes
[2026-01-26 19:38:29] [DEBUG] [PROTOCOL] Received 244 bytes
[2026-01-26 19:38:29] [DEBUG] [PROTOCOL] Received 244 bytes
[2026-01-26 19:38:29] [DEBUG] [PROTOCOL] Received 244 bytes
[2026-01-26 19:38:29] [DEBUG] [PROTOCOL] Received 244 bytes
[2026-01-26 19:38:29] [DEBUG] [PROTOCOL] Received 244 bytes
[2026-01-26 19:38:29] [DEBUG] [PROTOCOL] Received 244 bytes
[2026-01-26 19:38:29] [DEBUG] [PROTOCOL] Received 244 bytes
[2026-01-26 19:38:29] [DEBUG] [PROTOCOL] Received 244 bytes
[2026-01-26 19:38:29] [DEBUG] [PROTOCOL] Received 244 bytes
[2026-01-26 19:38:29] [DEBUG] [PROTOCOL] Received 244 bytes
[2026-01-26 19:38:29] [DEBUG] [PROTOCOL] Received 244 bytes
[2026-01-26 19:38:29] [DEBUG] [PROTOCOL] Received 244 bytes
[2026-01-26 19:38:29] [DEBUG] [PROTOCOL] Received 244 bytes
[2026-01-26 19:38:29] [DEBUG] [PROTOCOL] Received 244 bytes
[2026-01-26 19:38:29] [DEBUG] [PROTOCOL] Received 244 bytes
[2026-01-26 19:38:29] [DEBUG] [PROTOCOL] Received 244 bytes
[2026-01-26 19:38:29] [DEBUG] [PROTOCOL] Received 244 bytes
[2026-01-26 19:38:29] [DEBUG] [PROTOCOL] Received 244 bytes
[2026-01-26 19:38:29] [DEBUG] [PROTOCOL] Received 244 bytes
[2026-01-26 19:38:29] [DEBUG] [PROTOCOL] Received 244 bytes
[2026-01-26 19:38:29] [DEBUG] [PROTOCOL] Received 244 bytes
[2026-01-26 19:38:29] [DEBUG] [PROTOCOL] Received 244 bytes
[2026-01-26 19:38:29] [DEBUG] [PROTOCOL] Received 244 bytes
[2026-01-26 19:38:29] [DEBUG] [PROTOCOL] Received 244 bytes
[2026-01-26 19:38:29] [DEBUG] [PROTOCOL] Received 244 bytes
[2026-01-26 19:38:29] [DEBUG] [PROTOCOL] Received 244 bytes
[2026-01-26 19:38:29] [DEBUG] [PROTOCOL] Received 244 bytes
[2026-01-26 19:38:29] [DEBUG] [PROTOCOL] Received 244 bytes
[2026-01-26 19:38:29] [DEBUG] [PROTOCOL] Received 244 bytes
[2026-01-26 19:38:29] [DEBUG] [PROTOCOL] Received 244 bytes
[2026-01-26 19:38:29] [DEBUG] [PROTOCOL] Received 244 bytes
[2026-01-26 19:38:29] [DEBUG] [PROTOCOL] Received 244 bytes
[2026-01-26 19:38:29] [DEBUG] [PROTOCOL] Received 244 bytes
[2026-01-26 19:38:29] [DEBUG] [PROTOCOL] Received 244 bytes
[2026-01-26 19:38:29] [DEBUG] [PROTOCOL] Received 244 bytes
[2026-01-26 19:38:29] [DEBUG] [PROTOCOL] Received 244 bytes
[2026-01-26 19:38:30] [DEBUG] [PROTOCOL] Received 244 bytes
[2026-01-26 19:38:30] [DEBUG] [PROTOCOL] Received 244 bytes
[2026-01-26 19:38:30] [DEBUG] [PROTOCOL] Received 244 bytes
[2026-01-26 19:38:30] [DEBUG] [PROTOCOL] Received 244 bytes
[2026-01-26 19:38:30] [DEBUG] [PROTOCOL] Received 244 bytes
[2026-01-26 19:38:30] [DEBUG] [PROTOCOL] Received 244 bytes
[2026-01-26 19:38:30] [DEBUG] [PROTOCOL] Received 244 bytes
[2026-01-26 19:38:30] [DEBUG] [PROTOCOL] Received 244 bytes
[2026-01-26 19:38:30] [DEBUG] [PROTOCOL] Received 244 bytes
[2026-01-26 19:38:30] [DEBUG] [PROTOCOL] Received 244 bytes
[2026-01-26 19:38:30] [DEBUG] [PROTOCOL] Received 244 bytes
[2026-01-26 19:38:30] [DEBUG] [PROTOCOL] Received 244 bytes
[2026-01-26 19:38:30] [DEBUG] [PROTOCOL] Received 244 bytes
[2026-01-26 19:38:30] [DEBUG] [PROTOCOL] Received 244 bytes
[2026-01-26 19:38:30] [DEBUG] [PROTOCOL] Received 244 bytes
[2026-01-26 19:38:30] [DEBUG] [PROTOCOL] Received 244 bytes
[2026-01-26 19:38:30] [DEBUG] [PROTOCOL] Received 244 bytes
[2026-01-26 19:38:30] [DEBUG] [PROTOCOL] Received 244 bytes
[2026-01-26 19:38:30] [DEBUG] [PROTOCOL] Received 244 bytes
[2026-01-26 19:38:30] [DEBUG] [PROTOCOL] Received 244 bytes
[2026-01-26 19:38:30] [DEBUG] [PROTOCOL] Received 244 bytes
[2026-01-26 19:38:30] [DEBUG] [PROTOCOL] Received 244 bytes
[2026-01-26 19:38:30] [DEBUG] [PROTOCOL] Received 244 bytes
[2026-01-26 19:38:30] [DEBUG] [PROTOCOL] Received 244 bytes
[2026-01-26 19:38:30] [DEBUG] [PROTOCOL] Received 244 bytes
[2026-01-26 19:38:30] [DEBUG] [PROTOCOL] Received 244 bytes
[2026-01-26 19:38:30] [DEBUG] [PROTOCOL] Received 244 bytes
[2026-01-26 19:38:30] [DEBUG] [PROTOCOL] Received 244 bytes
[2026-01-26 19:38:30] [DEBUG] [PROTOCOL] Received 244 bytes
[2026-01-26 19:38:30] [DEBUG] [PROTOCOL] Received 244 bytes
[2026-01-26 19:38:30] [DEBUG] [PROTOCOL] Received 244 bytes
[2026-01-26 19:38:30] [DEBUG] [PROTOCOL] Received 244 bytes
[2026-01-26 19:38:30] [DEBUG] [PROTOCOL] Received 244 bytes
[2026-01-26 19:38:30] [DEBUG] [PROTOCOL] Received 244 bytes
[2026-01-26 19:38:30] [DEBUG] [PROTOCOL] Received 244 bytes
[2026-01-26 19:38:30] [DEBUG] [PROTOCOL] Received 244 bytes
[2026-01-26 19:38:30] [DEBUG] [PROTOCOL] Received 244 bytes
[2026-01-26 19:38:31] [DEBUG] [PROTOCOL] Received 244 bytes
[2026-01-26 19:38:31] [DEBUG] [PROTOCOL] Received 244 bytes
[2026-01-26 19:38:31] [DEBUG] [PROTOCOL] Received 244 bytes
[2026-01-26 19:38:31] [DEBUG] [PROTOCOL] Received 244 bytes
[2026-01-26 19:38:31] [DEBUG] [PROTOCOL] Received 244 bytes
[2026-01-26 19:38:31] [DEBUG] [PROTOCOL] Received 244 bytes
[2026-01-26 19:38:31] [DEBUG] [PROTOCOL] Received 244 bytes
[2026-01-26 19:38:31] [DEBUG] [PROTOCOL] Received 244 bytes
[2026-01-26 19:38:31] [DEBUG] [PROTOCOL] Received 244 bytes
[2026-01-26 19:38:31] [DEBUG] [PROTOCOL] Received 244 bytes
[2026-01-26 19:38:31] [DEBUG] [PROTOCOL] Received 244 bytes
[2026-01-26 19:38:31] [DEBUG] [PROTOCOL] Received 244 bytes
[2026-01-26 19:38:31] [DEBUG] [PROTOCOL] Received 244 bytes
[2026-01-26 19:38:31] [DEBUG] [PROTOCOL] Received 244 bytes
[2026-01-26 19:38:31] [DEBUG] [PROTOCOL] Received 244 bytes
[2026-01-26 19:38:31] [DEBUG] [PROTOCOL] Received 244 bytes
[2026-01-26 19:38:31] [DEBUG] [PROTOCOL] Received 244 bytes
[2026-01-26 19:38:31] [DEBUG] [PROTOCOL] Received 244 bytes
[2026-01-26 19:38:31] [DEBUG] [PROTOCOL] Received 244 bytes
[2026-01-26 19:38:31] [DEBUG] [PROTOCOL] Received 244 bytes
[2026-01-26 19:38:31] [DEBUG] [PROTOCOL] Received 244 bytes
[2026-01-26 19:38:31] [DEBUG] [PROTOCOL] Received 244 bytes
[2026-01-26 19:38:31] [DEBUG] [PROTOCOL] Received 244 bytes
[2026-01-26 19:38:31] [DEBUG] [PROTOCOL] Received 244 bytes
[2026-01-26 19:38:31] [DEBUG] [PROTOCOL] Received 244 bytes
[2026-01-26 19:38:31] [DEBUG] [PROTOCOL] Received 244 bytes
[2026-01-26 19:38:31] [DEBUG] [PROTOCOL] Received 244 bytes
[2026-01-26 19:38:31] [DEBUG] [PROTOCOL] Received 244 bytes
[2026-01-26 19:38:31] [DEBUG] [PROTOCOL] Received 244 bytes
[2026-01-26 19:38:31] [DEBUG] [PROTOCOL] Received 244 bytes
[2026-01-26 19:38:31] [DEBUG] [PROTOCOL] Received 244 bytes
[2026-01-26 19:38:31] [DEBUG] [PROTOCOL] Received 244 bytes
[2026-01-26 19:38:31] [DEBUG] [PROTOCOL] Received 244 bytes
[2026-01-26 19:38:31] [DEBUG] [PROTOCOL] Received 244 bytes
[2026-01-26 19:38:31] [DEBUG] [PROTOCOL] Received 244 bytes
[2026-01-26 19:38:31] [DEBUG] [PROTOCOL] Received 244 bytes
[2026-01-26 19:38:31] [DEBUG] [PROTOCOL] Received 244 bytes
[2026-01-26 19:38:32] [DEBUG] [PROTOCOL] Received 244 bytes
[2026-01-26 19:38:32] [DEBUG] [PROTOCOL] Received 244 bytes
[2026-01-26 19:38:32] [DEBUG] [PROTOCOL] Received 244 bytes
[2026-01-26 19:38:32] [DEBUG] [PROTOCOL] Received 244 bytes
[2026-01-26 19:38:32] [DEBUG] [PROTOCOL] Received 244 bytes
[2026-01-26 19:38:32] [DEBUG] [PROTOCOL] Received 244 bytes
[2026-01-26 19:38:32] [DEBUG] [PROTOCOL] Received 244 bytes
[2026-01-26 19:38:32] [DEBUG] [PROTOCOL] Received 244 bytes
[2026-01-26 19:38:32] [DEBUG] [PROTOCOL] Received 244 bytes
[2026-01-26 19:38:32] [DEBUG] [PROTOCOL] Received 244 bytes
[2026-01-26 19:38:32] [DEBUG] [PROTOCOL] Received 244 bytes
[2026-01-26 19:38:32] [DEBUG] [PROTOCOL] Received 244 bytes
[2026-01-26 19:38:32] [DEBUG] [PROTOCOL] Received 244 bytes
[2026-01-26 19:38:32] [DEBUG] [PROTOCOL] Received 244 bytes
[2026-01-26 19:38:32] [DEBUG] [PROTOCOL] Received 244 bytes
[2026-01-26 19:38:32] [DEBUG] [PROTOCOL] Received 244 bytes
[2026-01-26 19:38:32] [DEBUG] [PROTOCOL] Received 244 bytes
[2026-01-26 19:38:32] [DEBUG] [PROTOCOL] Received 244 bytes
[2026-01-26 19:38:32] [DEBUG] [PROTOCOL] Received 244 bytes
[2026-01-26 19:38:32] [DEBUG] [PROTOCOL] Received 244 bytes
[2026-01-26 19:38:32] [DEBUG] [PROTOCOL] Received 244 bytes
[2026-01-26 19:38:32] [DEBUG] [PROTOCOL] Received 244 bytes
[2026-01-26 19:38:32] [DEBUG] [PROTOCOL] Received 244 bytes
[2026-01-26 19:38:32] [DEBUG] [PROTOCOL] Received 244 bytes
[2026-01-26 19:38:32] [DEBUG] [PROTOCOL] Received 244 bytes
[2026-01-26 19:38:32] [DEBUG] [PROTOCOL] Received 244 bytes
[2026-01-26 19:38:32] [DEBUG] [PROTOCOL] Received 244 bytes
[2026-01-26 19:38:32] [DEBUG] [PROTOCOL] Received 244 bytes
[2026-01-26 19:38:32] [DEBUG] [PROTOCOL] Received 244 bytes
[2026-01-26 19:38:32] [DEBUG] [PROTOCOL] Received 244 bytes
[2026-01-26 19:38:32] [DEBUG] [PROTOCOL] Received 244 bytes
[2026-01-26 19:38:32] [DEBUG] [PROTOCOL] Received 244 bytes
[2026-01-26 19:38:32] [DEBUG] [PROTOCOL] Received 244 bytes
[2026-01-26 19:38:32] [DEBUG] [PROTOCOL] Received 244 bytes
[2026-01-26 19:38:32] [DEBUG] [PROTOCOL] Received 244 bytes
[2026-01-26 19:38:32] [DEBUG] [PROTOCOL] Received 244 bytes
[2026-01-26 19:38:32] [DEBUG] [PROTOCOL] Received 244 bytes
[2026-01-26 19:38:33] [DEBUG] [PROTOCOL] Received 244 bytes
[2026-01-26 19:38:33] [DEBUG] [PROTOCOL] Received 244 bytes
[2026-01-26 19:38:33] [DEBUG] [PROTOCOL] Received 244 bytes
[2026-01-26 19:38:33] [DEBUG] [PROTOCOL] Received 244 bytes
[2026-01-26 19:38:33] [DEBUG] [PROTOCOL] Received 244 bytes
[2026-01-26 19:38:33] [DEBUG] [PROTOCOL] Received 244 bytes
[2026-01-26 19:38:33] [DEBUG] [PROTOCOL] Received 244 bytes
[2026-01-26 19:38:33] [DEBUG] [PROTOCOL] Received 244 bytes
[2026-01-26 19:38:33] [DEBUG] [PROTOCOL] Received 244 bytes
[2026-01-26 19:38:33] [DEBUG] [PROTOCOL] Received 244 bytes
[2026-01-26 19:38:33] [DEBUG] [PROTOCOL] Received 244 bytes
[2026-01-26 19:38:33] [DEBUG] [PROTOCOL] Received 244 bytes
[2026-01-26 19:38:33] [DEBUG] [PROTOCOL] Received 244 bytes
[2026-01-26 19:38:33] [DEBUG] [PROTOCOL] Received 244 bytes
[2026-01-26 19:38:33] [DEBUG] [PROTOCOL] Received 244 bytes
[2026-01-26 19:38:33] [DEBUG] [PROTOCOL] Received 244 bytes
[2026-01-26 19:38:33] [DEBUG] [PROTOCOL] Received 244 bytes
[2026-01-26 19:38:33] [DEBUG] [PROTOCOL] Received 244 bytes
[2026-01-26 19:38:33] [DEBUG] [PROTOCOL] Received 244 bytes
[2026-01-26 19:38:33] [DEBUG] [PROTOCOL] Received 244 bytes
[2026-01-26 19:38:33] [DEBUG] [PROTOCOL] Received 244 bytes
[2026-01-26 19:38:33] [DEBUG] [PROTOCOL] Received 244 bytes
[2026-01-26 19:38:33] [DEBUG] [PROTOCOL] Received 244 bytes
[2026-01-26 19:38:33] [DEBUG] [PROTOCOL] Received 244 bytes
[2026-01-26 19:38:33] [DEBUG] [PROTOCOL] Received 244 bytes
[2026-01-26 19:38:33] [DEBUG] [PROTOCOL] Received 244 bytes
[2026-01-26 19:38:33] [DEBUG] [PROTOCOL] Received 244 bytes
[2026-01-26 19:38:33] [DEBUG] [PROTOCOL] Received 244 bytes
[2026-01-26 19:38:33] [DEBUG] [PROTOCOL] Received 244 bytes
[2026-01-26 19:38:33] [DEBUG] [PROTOCOL] Received 244 bytes
[2026-01-26 19:38:33] [DEBUG] [PROTOCOL] Received 244 bytes
[2026-01-26 19:38:33] [DEBUG] [PROTOCOL] Received 244 bytes
[2026-01-26 19:38:33] [DEBUG] [PROTOCOL] Received 244 bytes
[2026-01-26 19:38:33] [DEBUG] [PROTOCOL] Received 244 bytes
[2026-01-26 19:38:33] [DEBUG] [PROTOCOL] Received 244 bytes
[2026-01-26 19:38:33] [DEBUG] [PROTOCOL] Received 244 bytes
[2026-01-26 19:38:33] [DEBUG] [PROTOCOL] Received 244 bytes
[2026-01-26 19:38:34] [DEBUG] [PROTOCOL] Received 244 bytes
[2026-01-26 19:38:34] [DEBUG] [PROTOCOL] Received 244 bytes
[2026-01-26 19:38:34] [DEBUG] [PROTOCOL] Received 244 bytes
[2026-01-26 19:38:34] [DEBUG] [PROTOCOL] Received 244 bytes
[2026-01-26 19:38:34] [DEBUG] [PROTOCOL] Received 244 bytes
[2026-01-26 19:38:34] [DEBUG] [PROTOCOL] Received 244 bytes
[2026-01-26 19:38:34] [DEBUG] [PROTOCOL] Received 244 bytes
[2026-01-26 19:38:34] [DEBUG] [PROTOCOL] Received 244 bytes
[2026-01-26 19:38:34] [DEBUG] [PROTOCOL] Received 244 bytes
[2026-01-26 19:38:34] [DEBUG] [PROTOCOL] Received 244 bytes
[2026-01-26 19:38:34] [DEBUG] [PROTOCOL] Received 244 bytes
[2026-01-26 19:38:34] [DEBUG] [PROTOCOL] Received 244 bytes
[2026-01-26 19:38:34] [DEBUG] [PROTOCOL] Received 244 bytes
[2026-01-26 19:38:34] [DEBUG] [PROTOCOL] Received 244 bytes
[2026-01-26 19:38:34] [DEBUG] [PROTOCOL] Received 244 bytes
[2026-01-26 19:38:34] [DEBUG] [PROTOCOL] Received 244 bytes
[2026-01-26 19:38:34] [DEBUG] [PROTOCOL] Received 244 bytes
[2026-01-26 19:38:34] [DEBUG] [PROTOCOL] Received 244 bytes
[2026-01-26 19:38:34] [DEBUG] [PROTOCOL] Received 244 bytes
[2026-01-26 19:38:34] [DEBUG] [PROTOCOL] Received 244 bytes
[2026-01-26 19:38:34] [DEBUG] [PROTOCOL] Received 244 bytes
[2026-01-26 19:38:34] [DEBUG] [PROTOCOL] Received 244 bytes
[2026-01-26 19:38:34] [DEBUG] [PROTOCOL] Received 244 bytes
[2026-01-26 19:38:34] [DEBUG] [PROTOCOL] Received 244 bytes
[2026-01-26 19:38:34] [DEBUG] [PROTOCOL] Received 244 bytes
[2026-01-26 19:38:34] [DEBUG] [PROTOCOL] Received 244 bytes
[2026-01-26 19:38:34] [DEBUG] [PROTOCOL] Received 244 bytes
[2026-01-26 19:38:34] [DEBUG] [PROTOCOL] Received 244 bytes
[2026-01-26 19:38:34] [DEBUG] [PROTOCOL] Received 244 bytes
[2026-01-26 19:38:34] [DEBUG] [PROTOCOL] Received 244 bytes
[2026-01-26 19:38:34] [DEBUG] [PROTOCOL] Received 244 bytes
[2026-01-26 19:38:34] [DEBUG] [PROTOCOL] Received 244 bytes
[2026-01-26 19:38:34] [DEBUG] [PROTOCOL] Received 244 bytes
[2026-01-26 19:38:34] [DEBUG] [PROTOCOL] Received 244 bytes
[2026-01-26 19:38:34] [DEBUG] [PROTOCOL] Received 244 bytes
[2026-01-26 19:38:34] [DEBUG] [PROTOCOL] Received 244 bytes
[2026-01-26 19:38:34] [DEBUG] [PROTOCOL] Received 244 bytes
[2026-01-26 19:38:35] [DEBUG] [PROTOCOL] Received 244 bytes
[2026-01-26 19:38:35] [DEBUG] [PROTOCOL] Received 244 bytes
[2026-01-26 19:38:35] [DEBUG] [PROTOCOL] Received 244 bytes
[2026-01-26 19:38:35] [DEBUG] [PROTOCOL] Received 244 bytes
[2026-01-26 19:38:35] [DEBUG] [PROTOCOL] Received 244 bytes
[2026-01-26 19:38:35] [DEBUG] [PROTOCOL] Received 244 bytes
[2026-01-26 19:38:35] [DEBUG] [PROTOCOL] Received 244 bytes
[2026-01-26 19:38:35] [DEBUG] [PROTOCOL] Received 244 bytes
[2026-01-26 19:38:35] [DEBUG] [PROTOCOL] Received 244 bytes
[2026-01-26 19:38:35] [DEBUG] [PROTOCOL] Received 244 bytes
[2026-01-26 19:38:35] [DEBUG] [PROTOCOL] Received 244 bytes
[2026-01-26 19:38:35] [DEBUG] [PROTOCOL] Received 244 bytes
[2026-01-26 19:38:35] [DEBUG] [PROTOCOL] Received 244 bytes
[2026-01-26 19:38:35] [DEBUG] [PROTOCOL] Received 244 bytes
[2026-01-26 19:38:35] [DEBUG] [PROTOCOL] Received 244 bytes
[2026-01-26 19:38:35] [DEBUG] [PROTOCOL] Received 244 bytes
[2026-01-26 19:38:35] [DEBUG] [PROTOCOL] Received 244 bytes
[2026-01-26 19:38:35] [DEBUG] [PROTOCOL] Received 244 bytes
[2026-01-26 19:38:35] [DEBUG] [PROTOCOL] Received 244 bytes
[2026-01-26 19:38:35] [DEBUG] [PROTOCOL] Received 244 bytes
[2026-01-26 19:38:35] [DEBUG] [PROTOCOL] Received 244 bytes
[2026-01-26 19:38:35] [DEBUG] [PROTOCOL] Received 244 bytes
[2026-01-26 19:38:35] [DEBUG] [PROTOCOL] Received 244 bytes
[2026-01-26 19:38:35] [DEBUG] [PROTOCOL] Received 244 bytes
[2026-01-26 19:38:35] [DEBUG] [PROTOCOL] Received 244 bytes
[2026-01-26 19:38:35] [DEBUG] [PROTOCOL] Received 244 bytes
[2026-01-26 19:38:35] [DEBUG] [PROTOCOL] Received 244 bytes
[2026-01-26 19:38:35] [DEBUG] [PROTOCOL] Received 244 bytes
[2026-01-26 19:38:35] [DEBUG] [PROTOCOL] Received 244 bytes
[2026-01-26 19:38:35] [DEBUG] [PROTOCOL] Received 244 bytes
[2026-01-26 19:38:35] [DEBUG] [PROTOCOL] Received 244 bytes
[2026-01-26 19:38:35] [DEBUG] [PROTOCOL] Received 244 bytes
[2026-01-26 19:38:35] [DEBUG] [PROTOCOL] Received 244 bytes
[2026-01-26 19:38:35] [DEBUG] [PROTOCOL] Received 244 bytes
[2026-01-26 19:38:35] [DEBUG] [PROTOCOL] Received 244 bytes
[2026-01-26 19:38:35] [DEBUG] [PROTOCOL] Received 244 bytes
[2026-01-26 19:38:35] [DEBUG] [PROTOCOL] Received 244 bytes
[2026-01-26 19:38:36] [DEBUG] [PROTOCOL] Received 244 bytes
[2026-01-26 19:38:36] [DEBUG] [PROTOCOL] Received 244 bytes
[2026-01-26 19:38:36] [DEBUG] [PROTOCOL] Received 244 bytes
[2026-01-26 19:38:36] [DEBUG] [PROTOCOL] Received 244 bytes
[2026-01-26 19:38:36] [DEBUG] [PROTOCOL] Received 244 bytes
[2026-01-26 19:38:36] [DEBUG] [PROTOCOL] Received 244 bytes
[2026-01-26 19:38:36] [DEBUG] [PROTOCOL] Received 244 bytes
[2026-01-26 19:38:36] [DEBUG] [PROTOCOL] Received 244 bytes
[2026-01-26 19:38:36] [DEBUG] [PROTOCOL] Received 244 bytes
[2026-01-26 19:38:36] [DEBUG] [PROTOCOL] Received 244 bytes
[2026-01-26 19:38:36] [DEBUG] [PROTOCOL] Received 244 bytes
[2026-01-26 19:38:36] [DEBUG] [PROTOCOL] Received 244 bytes
[2026-01-26 19:38:36] [DEBUG] [PROTOCOL] Received 244 bytes
[2026-01-26 19:38:36] [DEBUG] [PROTOCOL] Received 244 bytes
[2026-01-26 19:38:36] [DEBUG] [PROTOCOL] Received 244 bytes
[2026-01-26 19:38:36] [DEBUG] [PROTOCOL] Received 244 bytes
[2026-01-26 19:38:36] [DEBUG] [PROTOCOL] Received 244 bytes
[2026-01-26 19:38:36] [DEBUG] [PROTOCOL] Received 244 bytes
[2026-01-26 19:38:36] [DEBUG] [PROTOCOL] Received 244 bytes
[2026-01-26 19:38:36] [DEBUG] [PROTOCOL] Received 244 bytes
[2026-01-26 19:38:36] [DEBUG] [PROTOCOL] Received 244 bytes
[2026-01-26 19:38:36] [DEBUG] [PROTOCOL] Received 244 bytes
[2026-01-26 19:38:36] [DEBUG] [PROTOCOL] Received 244 bytes
[2026-01-26 19:38:36] [DEBUG] [PROTOCOL] Received 244 bytes
[2026-01-26 19:38:36] [DEBUG] [PROTOCOL] Received 244 bytes
[2026-01-26 19:38:36] [DEBUG] [PROTOCOL] Received 244 bytes
[2026-01-26 19:38:36] [DEBUG] [PROTOCOL] Received 244 bytes
[2026-01-26 19:38:36] [DEBUG] [PROTOCOL] Received 244 bytes
[2026-01-26 19:38:36] [DEBUG] [PROTOCOL] Received 244 bytes
[2026-01-26 19:38:36] [DEBUG] [PROTOCOL] Received 244 bytes
[2026-01-26 19:38:36] [DEBUG] [PROTOCOL] Received 244 bytes
[2026-01-26 19:38:36] [DEBUG] [PROTOCOL] Received 244 bytes
[2026-01-26 19:38:36] [DEBUG] [PROTOCOL] Received 244 bytes
[2026-01-26 19:38:36] [DEBUG] [PROTOCOL] Received 244 bytes
[2026-01-26 19:38:36] [DEBUG] [PROTOCOL] Received 244 bytes
[2026-01-26 19:38:36] [DEBUG] [PROTOCOL] Received 244 bytes
[2026-01-26 19:38:36] [DEBUG] [PROTOCOL] Received 244 bytes
[2026-01-26 19:38:37] [DEBUG] [PROTOCOL] Received 244 bytes
[2026-01-26 19:38:37] [DEBUG] [PROTOCOL] Received 244 bytes
[2026-01-26 19:38:37] [DEBUG] [PROTOCOL] Received 244 bytes
[2026-01-26 19:38:37] [DEBUG] [PROTOCOL] Received 244 bytes
[2026-01-26 19:38:37] [DEBUG] [PROTOCOL] Received 244 bytes
[2026-01-26 19:38:37] [DEBUG] [PROTOCOL] Received 244 bytes
[2026-01-26 19:38:37] [DEBUG] [PROTOCOL] Received 244 bytes
[2026-01-26 19:38:37] [DEBUG] [PROTOCOL] Received 244 bytes
[2026-01-26 19:38:37] [DEBUG] [PROTOCOL] Received 244 bytes
[2026-01-26 19:38:37] [DEBUG] [PROTOCOL] Received 244 bytes
[2026-01-26 19:38:37] [DEBUG] [PROTOCOL] Received 244 bytes
[2026-01-26 19:38:37] [DEBUG] [PROTOCOL] Received 244 bytes
[2026-01-26 19:38:37] [DEBUG] [PROTOCOL] Received 244 bytes
[2026-01-26 19:38:37] [DEBUG] [PROTOCOL] Received 244 bytes
[2026-01-26 19:38:37] [DEBUG] [PROTOCOL] Received 244 bytes
[2026-01-26 19:38:37] [DEBUG] [PROTOCOL] Received 244 bytes
[2026-01-26 19:38:37] [DEBUG] [PROTOCOL] Received 244 bytes
[2026-01-26 19:38:37] [DEBUG] [PROTOCOL] Received 244 bytes
[2026-01-26 19:38:37] [DEBUG] [PROTOCOL] Received 244 bytes
[2026-01-26 19:38:37] [DEBUG] [PROTOCOL] Received 244 bytes
[2026-01-26 19:38:37] [DEBUG] [PROTOCOL] Received 244 bytes
[2026-01-26 19:38:37] [DEBUG] [PROTOCOL] Received 244 bytes
[2026-01-26 19:38:37] [DEBUG] [PROTOCOL] Received 244 bytes
[2026-01-26 19:38:37] [DEBUG] [PROTOCOL] Received 244 bytes
[2026-01-26 19:38:37] [DEBUG] [PROTOCOL] Received 244 bytes
[2026-01-26 19:38:37] [DEBUG] [PROTOCOL] Received 244 bytes
[2026-01-26 19:38:37] [DEBUG] [PROTOCOL] Received 244 bytes
[2026-01-26 19:38:37] [DEBUG] [PROTOCOL] Received 244 bytes
[2026-01-26 19:38:37] [DEBUG] [PROTOCOL] Received 244 bytes
[2026-01-26 19:38:37] [DEBUG] [PROTOCOL] Received 244 bytes
[2026-01-26 19:38:37] [DEBUG] [PROTOCOL] Received 244 bytes
[2026-01-26 19:38:37] [DEBUG] [PROTOCOL] Received 244 bytes
[2026-01-26 19:38:37] [DEBUG] [PROTOCOL] Received 244 bytes
[2026-01-26 19:38:37] [DEBUG] [PROTOCOL] Received 244 bytes
[2026-01-26 19:38:37] [DEBUG] [PROTOCOL] Received 244 bytes
[2026-01-26 19:38:37] [DEBUG] [PROTOCOL] Received 244 bytes
[2026-01-26 19:38:37] [DEBUG] [PROTOCOL] Received 244 bytes
[2026-01-26 19:38:38] [DEBUG] [PROTOCOL] Received 244 bytes
[2026-01-26 19:38:38] [DEBUG] [PROTOCOL] Received 244 bytes
[2026-01-26 19:38:38] [DEBUG] [PROTOCOL] Received 244 bytes
[2026-01-26 19:38:38] [DEBUG] [PROTOCOL] Received 244 bytes
[2026-01-26 19:38:38] [DEBUG] [PROTOCOL] Received 244 bytes
[2026-01-26 19:38:38] [DEBUG] [PROTOCOL] Received 244 bytes
[2026-01-26 19:38:38] [DEBUG] [PROTOCOL] Received 244 bytes
[2026-01-26 19:38:38] [DEBUG] [PROTOCOL] Received 244 bytes
[2026-01-26 19:38:38] [DEBUG] [PROTOCOL] Received 244 bytes
[2026-01-26 19:38:38] [DEBUG] [PROTOCOL] Received 244 bytes
[2026-01-26 19:38:38] [DEBUG] [PROTOCOL] Received 244 bytes
[2026-01-26 19:38:38] [DEBUG] [PROTOCOL] Received 244 bytes
[2026-01-26 19:38:38] [DEBUG] [PROTOCOL] Received 244 bytes
[2026-01-26 19:38:38] [DEBUG] [PROTOCOL] Received 244 bytes
[2026-01-26 19:38:38] [DEBUG] [PROTOCOL] Received 244 bytes
[2026-01-26 19:38:38] [DEBUG] [PROTOCOL] Received 244 bytes
[2026-01-26 19:38:38] [DEBUG] [PROTOCOL] Received 244 bytes
[2026-01-26 19:38:38] [DEBUG] [PROTOCOL] Received 244 bytes
[2026-01-26 19:38:38] [DEBUG] [PROTOCOL] Received 244 bytes
[2026-01-26 19:38:38] [DEBUG] [PROTOCOL] Received 244 bytes
[2026-01-26 19:38:38] [DEBUG] [PROTOCOL] Received 244 bytes
[2026-01-26 19:38:38] [DEBUG] [PROTOCOL] Received 244 bytes
[2026-01-26 19:38:38] [DEBUG] [PROTOCOL] Received 244 bytes
[2026-01-26 19:38:38] [DEBUG] [PROTOCOL] Received 244 bytes
[2026-01-26 19:38:38] [DEBUG] [PROTOCOL] Received 244 bytes
[2026-01-26 19:38:38] [DEBUG] [PROTOCOL] Received 244 bytes
[2026-01-26 19:38:38] [DEBUG] [PROTOCOL] Received 244 bytes
[2026-01-26 19:38:38] [DEBUG] [PROTOCOL] Received 244 bytes
[2026-01-26 19:38:38] [DEBUG] [PROTOCOL] Received 244 bytes
[2026-01-26 19:38:38] [DEBUG] [PROTOCOL] Received 244 bytes
[2026-01-26 19:38:38] [DEBUG] [PROTOCOL] Received 244 bytes
[2026-01-26 19:38:38] [DEBUG] [PROTOCOL] Received 244 bytes
[2026-01-26 19:38:38] [DEBUG] [PROTOCOL] Received 244 bytes
[2026-01-26 19:38:38] [DEBUG] [PROTOCOL] Received 244 bytes
[2026-01-26 19:38:38] [DEBUG] [PROTOCOL] Received 244 bytes
[2026-01-26 19:38:38] [DEBUG] [PROTOCOL] Received 244 bytes
[2026-01-26 19:38:38] [DEBUG] [PROTOCOL] Received 244 bytes
[2026-01-26 19:38:39] [DEBUG] [PROTOCOL] Received 244 bytes
[2026-01-26 19:38:39] [DEBUG] [PROTOCOL] Received 244 bytes
[2026-01-26 19:38:39] [DEBUG] [PROTOCOL] Received 244 bytes
[2026-01-26 19:38:39] [DEBUG] [PROTOCOL] Received 244 bytes
[2026-01-26 19:38:39] [DEBUG] [PROTOCOL] Received 244 bytes
[2026-01-26 19:38:39] [DEBUG] [PROTOCOL] Received 244 bytes
[2026-01-26 19:38:39] [DEBUG] [PROTOCOL] Received 244 bytes
[2026-01-26 19:38:39] [DEBUG] [PROTOCOL] Received 244 bytes
[2026-01-26 19:38:39] [DEBUG] [PROTOCOL] Received 244 bytes
[2026-01-26 19:38:39] [DEBUG] [PROTOCOL] Received 244 bytes
[2026-01-26 19:38:39] [DEBUG] [PROTOCOL] Received 244 bytes
[2026-01-26 19:38:39] [DEBUG] [PROTOCOL] Received 244 bytes
[2026-01-26 19:38:39] [DEBUG] [PROTOCOL] Received 244 bytes
[2026-01-26 19:38:39] [DEBUG] [PROTOCOL] Received 244 bytes
[2026-01-26 19:38:39] [DEBUG] [PROTOCOL] Received 244 bytes
[2026-01-26 19:38:39] [DEBUG] [PROTOCOL] Received 244 bytes
[2026-01-26 19:38:39] [DEBUG] [PROTOCOL] Received 244 bytes
[2026-01-26 19:38:39] [DEBUG] [PROTOCOL] Received 244 bytes
[2026-01-26 19:38:39] [DEBUG] [PROTOCOL] Received 244 bytes
[2026-01-26 19:38:39] [DEBUG] [PROTOCOL] Received 244 bytes
[2026-01-26 19:38:39] [DEBUG] [PROTOCOL] Received 244 bytes
[2026-01-26 19:38:39] [DEBUG] [PROTOCOL] Received 244 bytes
[2026-01-26 19:38:39] [DEBUG] [PROTOCOL] Received 244 bytes
[2026-01-26 19:38:39] [DEBUG] [PROTOCOL] Received 244 bytes
[2026-01-26 19:38:39] [DEBUG] [PROTOCOL] Received 244 bytes
[2026-01-26 19:38:39] [DEBUG] [PROTOCOL] Received 244 bytes
[2026-01-26 19:38:39] [DEBUG] [PROTOCOL] Received 244 bytes
[2026-01-26 19:38:39] [DEBUG] [PROTOCOL] Received 244 bytes
[2026-01-26 19:38:39] [DEBUG] [PROTOCOL] Received 244 bytes
[2026-01-26 19:38:39] [DEBUG] [PROTOCOL] Received 244 bytes
[2026-01-26 19:38:39] [DEBUG] [PROTOCOL] Received 244 bytes
[2026-01-26 19:38:39] [DEBUG] [PROTOCOL] Received 244 bytes
[2026-01-26 19:38:39] [DEBUG] [PROTOCOL] Received 244 bytes
[2026-01-26 19:38:39] [DEBUG] [PROTOCOL] Received 244 bytes
[2026-01-26 19:38:39] [DEBUG] [PROTOCOL] Received 244 bytes
[2026-01-26 19:38:39] [DEBUG] [PROTOCOL] Received 244 bytes
[2026-01-26 19:38:40] [DEBUG] [PROTOCOL] Received 244 bytes
[2026-01-26 19:38:40] [DEBUG] [PROTOCOL] Received 244 bytes
[2026-01-26 19:38:40] [DEBUG] [PROTOCOL] Received 244 bytes
[2026-01-26 19:38:40] [DEBUG] [PROTOCOL] Received 244 bytes
[2026-01-26 19:38:40] [DEBUG] [PROTOCOL] Received 244 bytes
[2026-01-26 19:38:40] [DEBUG] [PROTOCOL] Received 244 bytes
[2026-01-26 19:38:40] [DEBUG] [PROTOCOL] Received 244 bytes
[2026-01-26 19:38:40] [DEBUG] [PROTOCOL] Received 244 bytes
[2026-01-26 19:38:40] [DEBUG] [PROTOCOL] Received 244 bytes
[2026-01-26 19:38:40] [DEBUG] [PROTOCOL] Received 244 bytes
[2026-01-26 19:38:40] [DEBUG] [PROTOCOL] Received 244 bytes
[2026-01-26 19:38:40] [DEBUG] [PROTOCOL] Received 244 bytes
[2026-01-26 19:38:40] [DEBUG] [PROTOCOL] Received 244 bytes
[2026-01-26 19:38:40] [DEBUG] [PROTOCOL] Received 244 bytes
[2026-01-26 19:38:40] [DEBUG] [PROTOCOL] Received 244 bytes
[2026-01-26 19:38:40] [DEBUG] [PROTOCOL] Received 244 bytes
[2026-01-26 19:38:40] [DEBUG] [PROTOCOL] Received 244 bytes
[2026-01-26 19:38:40] [DEBUG] [PROTOCOL] Received 244 bytes
[2026-01-26 19:38:40] [DEBUG] [PROTOCOL] Received 244 bytes
[2026-01-26 19:38:40] [DEBUG] [PROTOCOL] Received 244 bytes
[2026-01-26 19:38:40] [DEBUG] [PROTOCOL] Received 244 bytes
[2026-01-26 19:38:40] [DEBUG] [PROTOCOL] Received 244 bytes
[2026-01-26 19:38:40] [DEBUG] [PROTOCOL] Received 244 bytes
[2026-01-26 19:38:40] [DEBUG] [PROTOCOL] Received 244 bytes
[2026-01-26 19:38:40] [DEBUG] [PROTOCOL] Received 244 bytes
[2026-01-26 19:38:40] [DEBUG] [PROTOCOL] Received 244 bytes
[2026-01-26 19:38:40] [DEBUG] [PROTOCOL] Received 244 bytes
[2026-01-26 19:38:40] [DEBUG] [PROTOCOL] Received 244 bytes
[2026-01-26 19:38:40] [DEBUG] [PROTOCOL] Received 244 bytes
[2026-01-26 19:38:40] [DEBUG] [PROTOCOL] Received 244 bytes
[2026-01-26 19:38:40] [DEBUG] [PROTOCOL] Received 244 bytes
[2026-01-26 19:38:40] [DEBUG] [PROTOCOL] Received 244 bytes
[2026-01-26 19:38:40] [DEBUG] [PROTOCOL] Received 244 bytes
[2026-01-26 19:38:40] [DEBUG] [PROTOCOL] Received 244 bytes
[2026-01-26 19:38:40] [DEBUG] [PROTOCOL] Received 244 bytes
[2026-01-26 19:38:40] [DEBUG] [PROTOCOL] Received 244 bytes
[2026-01-26 19:38:40] [DEBUG] [PROTOCOL] Received 244 bytes
[2026-01-26 19:38:41] [DEBUG] [PROTOCOL] Received 244 bytes
[2026-01-26 19:38:41] [DEBUG] [PROTOCOL] Received 244 bytes
[2026-01-26 19:38:41] [DEBUG] [PROTOCOL] Received 244 bytes
[2026-01-26 19:38:41] [DEBUG] [PROTOCOL] Received 244 bytes
[2026-01-26 19:38:41] [DEBUG] [PROTOCOL] Received 244 bytes
[2026-01-26 19:38:41] [DEBUG] [PROTOCOL] Received 244 bytes
[2026-01-26 19:38:41] [DEBUG] [PROTOCOL] Received 244 bytes
[2026-01-26 19:38:41] [DEBUG] [PROTOCOL] Received 244 bytes
[2026-01-26 19:38:41] [DEBUG] [PROTOCOL] Received 244 bytes
[2026-01-26 19:38:41] [DEBUG] [PROTOCOL] Received 244 bytes
[2026-01-26 19:38:41] [DEBUG] [PROTOCOL] Received 244 bytes
[2026-01-26 19:38:41] [DEBUG] [PROTOCOL] Received 244 bytes
[2026-01-26 19:38:41] [DEBUG] [PROTOCOL] Received 244 bytes
[2026-01-26 19:38:41] [DEBUG] [PROTOCOL] Received 244 bytes
[2026-01-26 19:38:41] [DEBUG] [PROTOCOL] Received 244 bytes
[2026-01-26 19:38:41] [DEBUG] [PROTOCOL] Received 244 bytes
[2026-01-26 19:38:41] [DEBUG] [PROTOCOL] Received 244 bytes
[2026-01-26 19:38:41] [DEBUG] [PROTOCOL] Received 244 bytes
[2026-01-26 19:38:41] [DEBUG] [PROTOCOL] Received 244 bytes
[2026-01-26 19:38:41] [DEBUG] [PROTOCOL] Received 244 bytes
[2026-01-26 19:38:41] [DEBUG] [PROTOCOL] Received 244 bytes
[2026-01-26 19:38:41] [DEBUG] [PROTOCOL] Received 244 bytes
[2026-01-26 19:38:41] [DEBUG] [PROTOCOL] Received 244 bytes
[2026-01-26 19:38:41] [DEBUG] [PROTOCOL] Received 244 bytes
[2026-01-26 19:38:41] [DEBUG] [PROTOCOL] Received 244 bytes
[2026-01-26 19:38:41] [DEBUG] [PROTOCOL] Received 244 bytes
[2026-01-26 19:38:41] [DEBUG] [PROTOCOL] Received 244 bytes
[2026-01-26 19:38:41] [DEBUG] [PROTOCOL] Received 244 bytes
[2026-01-26 19:38:41] [DEBUG] [PROTOCOL] Received 244 bytes
[2026-01-26 19:38:41] [DEBUG] [PROTOCOL] Received 244 bytes
[2026-01-26 19:38:41] [DEBUG] [PROTOCOL] Received 244 bytes
[2026-01-26 19:38:41] [DEBUG] [PROTOCOL] Received 244 bytes
[2026-01-26 19:38:41] [DEBUG] [PROTOCOL] Received 244 bytes
[2026-01-26 19:38:41] [DEBUG] [PROTOCOL] Received 244 bytes
[2026-01-26 19:38:41] [DEBUG] [PROTOCOL] Received 244 bytes
[2026-01-26 19:38:41] [DEBUG] [PROTOCOL] Received 244 bytes
[2026-01-26 19:38:41] [DEBUG] [PROTOCOL] Received 244 bytes
[2026-01-26 19:38:42] [DEBUG] [PROTOCOL] Received 244 bytes
[2026-01-26 19:38:42] [DEBUG] [PROTOCOL] Received 244 bytes
[2026-01-26 19:38:42] [DEBUG] [PROTOCOL] Received 244 bytes
[2026-01-26 19:38:42] [DEBUG] [PROTOCOL] Received 244 bytes
[2026-01-26 19:38:42] [DEBUG] [PROTOCOL] Received 244 bytes
[2026-01-26 19:38:42] [DEBUG] [PROTOCOL] Received 244 bytes
[2026-01-26 19:38:42] [DEBUG] [PROTOCOL] Received 244 bytes
[2026-01-26 19:38:42] [DEBUG] [PROTOCOL] Received 244 bytes
[2026-01-26 19:38:42] [DEBUG] [PROTOCOL] Received 244 bytes
[2026-01-26 19:38:42] [DEBUG] [PROTOCOL] Received 244 bytes
[2026-01-26 19:38:42] [DEBUG] [PROTOCOL] Received 244 bytes
[2026-01-26 19:38:42] [DEBUG] [PROTOCOL] Received 244 bytes
[2026-01-26 19:38:42] [DEBUG] [PROTOCOL] Received 244 bytes
[2026-01-26 19:38:42] [DEBUG] [PROTOCOL] Received 244 bytes
[2026-01-26 19:38:42] [DEBUG] [PROTOCOL] Received 244 bytes
[2026-01-26 19:38:42] [DEBUG] [PROTOCOL] Received 244 bytes
[2026-01-26 19:38:42] [DEBUG] [PROTOCOL] Received 244 bytes
[2026-01-26 19:38:42] [DEBUG] [PROTOCOL] Received 244 bytes
[2026-01-26 19:38:42] [DEBUG] [PROTOCOL] Received 244 bytes
[2026-01-26 19:38:42] [DEBUG] [PROTOCOL] Received 244 bytes
[2026-01-26 19:38:42] [DEBUG] [PROTOCOL] Received 244 bytes
[2026-01-26 19:38:42] [DEBUG] [PROTOCOL] Received 244 bytes
[2026-01-26 19:38:42] [DEBUG] [PROTOCOL] Received 244 bytes
[2026-01-26 19:38:42] [DEBUG] [PROTOCOL] Received 244 bytes
[2026-01-26 19:38:42] [DEBUG] [PROTOCOL] Received 244 bytes
[2026-01-26 19:38:42] [DEBUG] [PROTOCOL] Received 244 bytes
[2026-01-26 19:38:42] [DEBUG] [PROTOCOL] Received 244 bytes
[2026-01-26 19:38:42] [DEBUG] [PROTOCOL] Received 244 bytes
[2026-01-26 19:38:42] [DEBUG] [PROTOCOL] Received 244 bytes
[2026-01-26 19:38:42] [DEBUG] [PROTOCOL] Received 244 bytes
[2026-01-26 19:38:42] [DEBUG] [PROTOCOL] Received 244 bytes
[2026-01-26 19:38:42] [DEBUG] [PROTOCOL] Received 244 bytes
[2026-01-26 19:38:42] [DEBUG] [PROTOCOL] Received 244 bytes
[2026-01-26 19:38:42] [DEBUG] [PROTOCOL] Received 244 bytes
[2026-01-26 19:38:42] [DEBUG] [PROTOCOL] Received 244 bytes
[2026-01-26 19:38:42] [DEBUG] [PROTOCOL] Received 244 bytes
[2026-01-26 19:38:42] [DEBUG] [PROTOCOL] Received 244 bytes
[2026-01-26 19:38:43] [DEBUG] [PROTOCOL] Received 244 bytes
[2026-01-26 19:38:43] [DEBUG] [PROTOCOL] Received 244 bytes
[2026-01-26 19:38:43] [DEBUG] [PROTOCOL] Received 244 bytes
[2026-01-26 19:38:43] [DEBUG] [PROTOCOL] Received 244 bytes
[2026-01-26 19:38:43] [DEBUG] [PROTOCOL] Received 244 bytes
[2026-01-26 19:38:43] [DEBUG] [PROTOCOL] Received 244 bytes
[2026-01-26 19:38:43] [DEBUG] [PROTOCOL] Received 244 bytes
[2026-01-26 19:38:43] [DEBUG] [PROTOCOL] Received 244 bytes
[2026-01-26 19:38:43] [DEBUG] [PROTOCOL] Received 244 bytes
[2026-01-26 19:38:43] [DEBUG] [PROTOCOL] Received 244 bytes
[2026-01-26 19:38:43] [DEBUG] [PROTOCOL] Received 244 bytes
[2026-01-26 19:38:43] [DEBUG] [PROTOCOL] Received 244 bytes
[2026-01-26 19:38:43] [DEBUG] [PROTOCOL] Received 244 bytes
[2026-01-26 19:38:43] [DEBUG] [PROTOCOL] Received 244 bytes
[2026-01-26 19:38:43] [DEBUG] [PROTOCOL] Received 244 bytes
[2026-01-26 19:38:43] [DEBUG] [PROTOCOL] Received 244 bytes
[2026-01-26 19:38:43] [DEBUG] [PROTOCOL] Received 244 bytes
[2026-01-26 19:38:43] [DEBUG] [PROTOCOL] Received 244 bytes
[2026-01-26 19:38:43] [DEBUG] [PROTOCOL] Received 244 bytes
[2026-01-26 19:38:43] [DEBUG] [PROTOCOL] Received 244 bytes
[2026-01-26 19:38:43] [DEBUG] [PROTOCOL] Received 244 bytes
[2026-01-26 19:38:43] [DEBUG] [PROTOCOL] Received 244 bytes
[2026-01-26 19:38:43] [DEBUG] [PROTOCOL] Received 244 bytes
[2026-01-26 19:38:43] [DEBUG] [PROTOCOL] Received 244 bytes
[2026-01-26 19:38:43] [DEBUG] [PROTOCOL] Received 244 bytes
[2026-01-26 19:38:43] [DEBUG] [PROTOCOL] Received 244 bytes
[2026-01-26 19:38:43] [DEBUG] [PROTOCOL] Received 244 bytes
[2026-01-26 19:38:43] [DEBUG] [PROTOCOL] Received 244 bytes
[2026-01-26 19:38:43] [DEBUG] [PROTOCOL] Received 244 bytes
[2026-01-26 19:38:43] [DEBUG] [PROTOCOL] Received 244 bytes
[2026-01-26 19:38:43] [DEBUG] [PROTOCOL] Received 244 bytes
[2026-01-26 19:38:43] [DEBUG] [PROTOCOL] Received 244 bytes
[2026-01-26 19:38:43] [DEBUG] [PROTOCOL] Received 244 bytes
[2026-01-26 19:38:43] [DEBUG] [PROTOCOL] Received 244 bytes
[2026-01-26 19:38:43] [DEBUG] [PROTOCOL] Received 244 bytes
[2026-01-26 19:38:43] [DEBUG] [PROTOCOL] Received 244 bytes
[2026-01-26 19:38:43] [DEBUG] [PROTOCOL] Received 244 bytes
[2026-01-26 19:38:44] [DEBUG] [PROTOCOL] Received 244 bytes
[2026-01-26 19:38:44] [DEBUG] [PROTOCOL] Received 244 bytes
[2026-01-26 19:38:44] [DEBUG] [PROTOCOL] Received 244 bytes
[2026-01-26 19:38:44] [DEBUG] [PROTOCOL] Received 244 bytes
[2026-01-26 19:38:44] [DEBUG] [PROTOCOL] Received 244 bytes
[2026-01-26 19:38:44] [DEBUG] [PROTOCOL] Received 244 bytes
[2026-01-26 19:38:44] [DEBUG] [PROTOCOL] Received 244 bytes
[2026-01-26 19:38:44] [DEBUG] [PROTOCOL] Received 244 bytes
[2026-01-26 19:38:44] [DEBUG] [PROTOCOL] Received 244 bytes
[2026-01-26 19:38:44] [DEBUG] [PROTOCOL] Received 244 bytes
[2026-01-26 19:38:44] [DEBUG] [PROTOCOL] Received 244 bytes
[2026-01-26 19:38:44] [DEBUG] [PROTOCOL] Received 244 bytes
[2026-01-26 19:38:44] [DEBUG] [PROTOCOL] Received 244 bytes
[2026-01-26 19:38:44] [DEBUG] [PROTOCOL] Received 244 bytes
[2026-01-26 19:38:44] [DEBUG] [PROTOCOL] Received 244 bytes
[2026-01-26 19:38:44] [DEBUG] [PROTOCOL] Received 244 bytes
[2026-01-26 19:38:44] [DEBUG] [PROTOCOL] Received 244 bytes
[2026-01-26 19:38:44] [DEBUG] [PROTOCOL] Received 244 bytes
[2026-01-26 19:38:44] [DEBUG] [PROTOCOL] Received 244 bytes
[2026-01-26 19:38:44] [DEBUG] [PROTOCOL] Received 244 bytes
[2026-01-26 19:38:44] [DEBUG] [PROTOCOL] Received 244 bytes
[2026-01-26 19:38:44] [DEBUG] [PROTOCOL] Received 244 bytes
[2026-01-26 19:38:44] [DEBUG] [PROTOCOL] Received 244 bytes
[2026-01-26 19:38:44] [DEBUG] [PROTOCOL] Received 244 bytes
[2026-01-26 19:38:44] [DEBUG] [PROTOCOL] Received 244 bytes
[2026-01-26 19:38:44] [DEBUG] [PROTOCOL] Received 244 bytes
[2026-01-26 19:38:44] [DEBUG] [PROTOCOL] Received 244 bytes
[2026-01-26 19:38:44] [DEBUG] [PROTOCOL] Received 244 bytes
[2026-01-26 19:38:44] [DEBUG] [PROTOCOL] Received 244 bytes
[2026-01-26 19:38:44] [DEBUG] [PROTOCOL] Received 244 bytes
[2026-01-26 19:38:44] [DEBUG] [PROTOCOL] Received 244 bytes
[2026-01-26 19:38:44] [DEBUG] [PROTOCOL] Received 244 bytes
[2026-01-26 19:38:44] [DEBUG] [PROTOCOL] Received 244 bytes
[2026-01-26 19:38:44] [DEBUG] [PROTOCOL] Received 244 bytes
[2026-01-26 19:38:44] [DEBUG] [PROTOCOL] Received 244 bytes
[2026-01-26 19:38:44] [DEBUG] [PROTOCOL] Received 244 bytes
[2026-01-26 19:38:44] [DEBUG] [PROTOCOL] Received 244 bytes
[2026-01-26 19:38:45] [DEBUG] [PROTOCOL] Received 244 bytes
[2026-01-26 19:38:45] [DEBUG] [PROTOCOL] Received 244 bytes
[2026-01-26 19:38:45] [DEBUG] [PROTOCOL] Received 244 bytes
[2026-01-26 19:38:45] [DEBUG] [PROTOCOL] Received 244 bytes
[2026-01-26 19:38:45] [DEBUG] [PROTOCOL] Received 244 bytes
[2026-01-26 19:38:45] [DEBUG] [PROTOCOL] Received 244 bytes
[2026-01-26 19:38:45] [DEBUG] [PROTOCOL] Received 244 bytes
[2026-01-26 19:38:45] [DEBUG] [PROTOCOL] Received 244 bytes
[2026-01-26 19:38:45] [DEBUG] [PROTOCOL] Received 244 bytes
[2026-01-26 19:38:45] [DEBUG] [PROTOCOL] Received 244 bytes
[2026-01-26 19:38:45] [DEBUG] [PROTOCOL] Received 244 bytes
[2026-01-26 19:38:45] [DEBUG] [PROTOCOL] Received 244 bytes
[2026-01-26 19:38:45] [DEBUG] [PROTOCOL] Received 244 bytes
[2026-01-26 19:38:45] [DEBUG] [PROTOCOL] Received 244 bytes
[2026-01-26 19:38:45] [DEBUG] [PROTOCOL] Received 244 bytes
[2026-01-26 19:38:45] [DEBUG] [PROTOCOL] Received 244 bytes
[2026-01-26 19:38:45] [DEBUG] [PROTOCOL] Received 244 bytes
[2026-01-26 19:38:45] [DEBUG] [PROTOCOL] Received 244 bytes
[2026-01-26 19:38:45] [DEBUG] [PROTOCOL] Received 244 bytes
[2026-01-26 19:38:45] [DEBUG] [PROTOCOL] Received 244 bytes
[2026-01-26 19:38:45] [DEBUG] [PROTOCOL] Received 244 bytes
[2026-01-26 19:38:45] [DEBUG] [PROTOCOL] Received 244 bytes
[2026-01-26 19:38:45] [DEBUG] [PROTOCOL] Received 244 bytes
[2026-01-26 19:38:45] [DEBUG] [PROTOCOL] Received 244 bytes
[2026-01-26 19:38:45] [DEBUG] [PROTOCOL] Received 244 bytes
[2026-01-26 19:38:45] [DEBUG] [PROTOCOL] Received 244 bytes
[2026-01-26 19:38:45] [DEBUG] [PROTOCOL] Received 244 bytes
[2026-01-26 19:38:45] [DEBUG] [PROTOCOL] Received 244 bytes
[2026-01-26 19:38:45] [DEBUG] [PROTOCOL] Received 244 bytes
[2026-01-26 19:38:45] [DEBUG] [PROTOCOL] Received 244 bytes
[2026-01-26 19:38:45] [DEBUG] [PROTOCOL] Received 244 bytes
[2026-01-26 19:38:45] [DEBUG] [PROTOCOL] Received 244 bytes
[2026-01-26 19:38:45] [DEBUG] [PROTOCOL] Received 244 bytes
[2026-01-26 19:38:45] [DEBUG] [PROTOCOL] Received 244 bytes
[2026-01-26 19:38:45] [DEBUG] [PROTOCOL] Received 244 bytes
[2026-01-26 19:38:45] [DEBUG] [PROTOCOL] Received 244 bytes
[2026-01-26 19:38:45] [DEBUG] [PROTOCOL] Received 244 bytes
[2026-01-26 19:38:46] [DEBUG] [PROTOCOL] Received 244 bytes
[2026-01-26 19:38:46] [DEBUG] [PROTOCOL] Received 244 bytes
[2026-01-26 19:38:46] [DEBUG] [PROTOCOL] Received 244 bytes
[2026-01-26 19:38:46] [DEBUG] [PROTOCOL] Received 244 bytes
[2026-01-26 19:38:46] [DEBUG] [PROTOCOL] Received 244 bytes
[2026-01-26 19:38:46] [DEBUG] [PROTOCOL] Received 244 bytes
[2026-01-26 19:38:46] [DEBUG] [PROTOCOL] Received 244 bytes
[2026-01-26 19:38:46] [DEBUG] [PROTOCOL] Received 244 bytes
[2026-01-26 19:38:46] [DEBUG] [PROTOCOL] Received 244 bytes
[2026-01-26 19:38:46] [DEBUG] [PROTOCOL] Received 244 bytes
[2026-01-26 19:38:46] [DEBUG] [PROTOCOL] Received 244 bytes
[2026-01-26 19:38:46] [DEBUG] [PROTOCOL] Received 244 bytes
[2026-01-26 19:38:46] [DEBUG] [PROTOCOL] Received 244 bytes
[2026-01-26 19:38:46] [DEBUG] [PROTOCOL] Received 244 bytes
[2026-01-26 19:38:46] [DEBUG] [PROTOCOL] Received 244 bytes
[2026-01-26 19:38:46] [DEBUG] [PROTOCOL] Received 244 bytes
[2026-01-26 19:38:46] [DEBUG] [PROTOCOL] Received 244 bytes
[2026-01-26 19:38:46] [DEBUG] [PROTOCOL] Received 244 bytes
[2026-01-26 19:38:46] [DEBUG] [PROTOCOL] Received 244 bytes
[2026-01-26 19:38:46] [DEBUG] [PROTOCOL] Received 244 bytes
[2026-01-26 19:38:46] [DEBUG] [PROTOCOL] Received 244 bytes
[2026-01-26 19:38:46] [DEBUG] [PROTOCOL] Received 244 bytes
[2026-01-26 19:38:46] [DEBUG] [PROTOCOL] Received 244 bytes
[2026-01-26 19:38:46] [DEBUG] [PROTOCOL] Received 244 bytes
[2026-01-26 19:38:46] [DEBUG] [PROTOCOL] Received 244 bytes
[2026-01-26 19:38:46] [DEBUG] [PROTOCOL] Received 244 bytes
[2026-01-26 19:38:46] [DEBUG] [PROTOCOL] Received 244 bytes
[2026-01-26 19:38:46] [DEBUG] [PROTOCOL] Received 244 bytes
[2026-01-26 19:38:46] [DEBUG] [PROTOCOL] Received 244 bytes
[2026-01-26 19:38:46] [DEBUG] [PROTOCOL] Received 244 bytes
[2026-01-26 19:38:46] [DEBUG] [PROTOCOL] Received 244 bytes
[2026-01-26 19:38:46] [DEBUG] [PROTOCOL] Received 244 bytes
[2026-01-26 19:38:46] [DEBUG] [PROTOCOL] Received 244 bytes
[2026-01-26 19:38:46] [DEBUG] [PROTOCOL] Received 244 bytes
[2026-01-26 19:38:46] [DEBUG] [PROTOCOL] Received 244 bytes
[2026-01-26 19:38:46] [DEBUG] [PROTOCOL] Received 244 bytes
[2026-01-26 19:38:46] [DEBUG] [PROTOCOL] Received 244 bytes
[2026-01-26 19:38:47] [DEBUG] [PROTOCOL] Received 244 bytes
[2026-01-26 19:38:47] [DEBUG] [PROTOCOL] Received 244 bytes
[2026-01-26 19:38:47] [DEBUG] [PROTOCOL] Received 244 bytes
[2026-01-26 19:38:47] [DEBUG] [PROTOCOL] Received 244 bytes
[2026-01-26 19:38:47] [DEBUG] [PROTOCOL] Received 244 bytes
[2026-01-26 19:38:47] [DEBUG] [PROTOCOL] Received 244 bytes
[2026-01-26 19:38:47] [DEBUG] [PROTOCOL] Received 244 bytes
[2026-01-26 19:38:47] [DEBUG] [PROTOCOL] Received 244 bytes
[2026-01-26 19:38:47] [DEBUG] [PROTOCOL] Received 244 bytes
[2026-01-26 19:38:47] [DEBUG] [PROTOCOL] Received 244 bytes
[2026-01-26 19:38:47] [DEBUG] [PROTOCOL] Received 244 bytes
[2026-01-26 19:38:47] [DEBUG] [PROTOCOL] Received 244 bytes
[2026-01-26 19:38:47] [DEBUG] [PROTOCOL] Received 244 bytes
[2026-01-26 19:38:47] [DEBUG] [PROTOCOL] Received 244 bytes
[2026-01-26 19:38:47] [DEBUG] [PROTOCOL] Received 244 bytes
[2026-01-26 19:38:47] [DEBUG] [PROTOCOL] Received 244 bytes
[2026-01-26 19:38:47] [DEBUG] [PROTOCOL] Received 244 bytes
[2026-01-26 19:38:47] [DEBUG] [PROTOCOL] Received 244 bytes
[2026-01-26 19:38:47] [DEBUG] [PROTOCOL] Received 244 bytes
[2026-01-26 19:38:47] [DEBUG] [PROTOCOL] Received 244 bytes
[2026-01-26 19:38:47] [DEBUG] [PROTOCOL] Received 244 bytes
[2026-01-26 19:38:47] [DEBUG] [PROTOCOL] Received 244 bytes
[2026-01-26 19:38:47] [DEBUG] [PROTOCOL] Received 244 bytes
[2026-01-26 19:38:47] [DEBUG] [PROTOCOL] Received 244 bytes
[2026-01-26 19:38:47] [DEBUG] [PROTOCOL] Received 244 bytes
[2026-01-26 19:38:47] [DEBUG] [PROTOCOL] Received 244 bytes
[2026-01-26 19:38:47] [DEBUG] [PROTOCOL] Received 244 bytes
[2026-01-26 19:38:47] [DEBUG] [PROTOCOL] Received 244 bytes
[2026-01-26 19:38:47] [DEBUG] [PROTOCOL] Received 244 bytes
[2026-01-26 19:38:47] [DEBUG] [PROTOCOL] Received 244 bytes
[2026-01-26 19:38:47] [DEBUG] [PROTOCOL] Received 244 bytes
[2026-01-26 19:38:47] [DEBUG] [PROTOCOL] Received 244 bytes
[2026-01-26 19:38:47] [DEBUG] [PROTOCOL] Received 244 bytes
[2026-01-26 19:38:47] [DEBUG] [PROTOCOL] Received 244 bytes
[2026-01-26 19:38:47] [DEBUG] [PROTOCOL] Received 244 bytes
[2026-01-26 19:38:47] [DEBUG] [PROTOCOL] Received 244 bytes
[2026-01-26 19:38:47] [DEBUG] [PROTOCOL] Received 244 bytes
[2026-01-26 19:38:48] [DEBUG] [PROTOCOL] Received 244 bytes
[2026-01-26 19:38:48] [DEBUG] [PROTOCOL] Received 244 bytes
[2026-01-26 19:38:48] [DEBUG] [PROTOCOL] Received 244 bytes
[2026-01-26 19:38:48] [DEBUG] [PROTOCOL] Received 244 bytes
[2026-01-26 19:38:48] [DEBUG] [PROTOCOL] Received 244 bytes
[2026-01-26 19:38:48] [DEBUG] [PROTOCOL] Received 244 bytes
[2026-01-26 19:38:48] [DEBUG] [PROTOCOL] Received 244 bytes
[2026-01-26 19:38:48] [DEBUG] [PROTOCOL] Received 244 bytes
[2026-01-26 19:38:48] [DEBUG] [PROTOCOL] Received 244 bytes
[2026-01-26 19:38:48] [DEBUG] [PROTOCOL] Received 244 bytes
[2026-01-26 19:38:48] [DEBUG] [PROTOCOL] Received 244 bytes
[2026-01-26 19:38:48] [DEBUG] [PROTOCOL] Received 244 bytes
[2026-01-26 19:38:48] [DEBUG] [PROTOCOL] Received 244 bytes
[2026-01-26 19:38:48] [DEBUG] [PROTOCOL] Received 244 bytes
[2026-01-26 19:38:48] [DEBUG] [PROTOCOL] Received 244 bytes
[2026-01-26 19:38:48] [DEBUG] [PROTOCOL] Received 244 bytes
[2026-01-26 19:38:48] [DEBUG] [PROTOCOL] Received 244 bytes
[2026-01-26 19:38:48] [DEBUG] [PROTOCOL] Received 244 bytes
[2026-01-26 19:38:48] [DEBUG] [PROTOCOL] Received 244 bytes
[2026-01-26 19:38:48] [DEBUG] [PROTOCOL] Received 244 bytes
[2026-01-26 19:38:48] [DEBUG] [PROTOCOL] Received 244 bytes
[2026-01-26 19:38:48] [DEBUG] [PROTOCOL] Received 244 bytes
[2026-01-26 19:38:48] [DEBUG] [PROTOCOL] Received 244 bytes
[2026-01-26 19:38:48] [DEBUG] [PROTOCOL] Received 244 bytes
[2026-01-26 19:38:48] [DEBUG] [PROTOCOL] Received 244 bytes
[2026-01-26 19:38:48] [DEBUG] [PROTOCOL] Received 244 bytes
[2026-01-26 19:38:48] [DEBUG] [PROTOCOL] Received 244 bytes
[2026-01-26 19:38:48] [DEBUG] [PROTOCOL] Received 244 bytes
[2026-01-26 19:38:48] [DEBUG] [PROTOCOL] Received 244 bytes
[2026-01-26 19:38:48] [DEBUG] [PROTOCOL] Received 244 bytes
[2026-01-26 19:38:48] [DEBUG] [PROTOCOL] Received 244 bytes
[2026-01-26 19:38:48] [DEBUG] [PROTOCOL] Received 244 bytes
[2026-01-26 19:38:48] [DEBUG] [PROTOCOL] Received 244 bytes
[2026-01-26 19:38:48] [DEBUG] [PROTOCOL] Received 244 bytes
[2026-01-26 19:38:48] [DEBUG] [PROTOCOL] Received 244 bytes
[2026-01-26 19:38:48] [DEBUG] [PROTOCOL] Received 244 bytes
[2026-01-26 19:38:48] [DEBUG] [PROTOCOL] Received 244 bytes
[2026-01-26 19:38:49] [DEBUG] [PROTOCOL] Received 244 bytes
[2026-01-26 19:38:49] [DEBUG] [PROTOCOL] Received 244 bytes
[2026-01-26 19:38:49] [DEBUG] [PROTOCOL] Received 244 bytes
[2026-01-26 19:38:49] [DEBUG] [PROTOCOL] Received 244 bytes
[2026-01-26 19:38:49] [DEBUG] [PROTOCOL] Received 244 bytes
[2026-01-26 19:38:49] [DEBUG] [PROTOCOL] Received 244 bytes
[2026-01-26 19:38:49] [DEBUG] [PROTOCOL] Received 244 bytes
[2026-01-26 19:38:49] [DEBUG] [PROTOCOL] Received 244 bytes
[2026-01-26 19:38:49] [DEBUG] [PROTOCOL] Received 244 bytes
[2026-01-26 19:38:49] [DEBUG] [PROTOCOL] Received 244 bytes
[2026-01-26 19:38:49] [DEBUG] [PROTOCOL] Received 244 bytes
[2026-01-26 19:38:49] [DEBUG] [PROTOCOL] Received 244 bytes
[2026-01-26 19:38:49] [DEBUG] [PROTOCOL] Received 244 bytes
[2026-01-26 19:38:49] [DEBUG] [PROTOCOL] Received 244 bytes
[2026-01-26 19:38:49] [DEBUG] [PROTOCOL] Received 244 bytes
[2026-01-26 19:38:49] [DEBUG] [PROTOCOL] Received 244 bytes
[2026-01-26 19:38:49] [DEBUG] [PROTOCOL] Received 244 bytes
[2026-01-26 19:38:49] [DEBUG] [PROTOCOL] Received 244 bytes
[2026-01-26 19:38:49] [DEBUG] [PROTOCOL] Received 244 bytes
[2026-01-26 19:38:49] [DEBUG] [PROTOCOL] Received 244 bytes
[2026-01-26 19:38:49] [DEBUG] [PROTOCOL] Received 244 bytes
[2026-01-26 19:38:49] [DEBUG] [PROTOCOL] Received 244 bytes
[2026-01-26 19:38:49] [DEBUG] [PROTOCOL] Received 244 bytes
[2026-01-26 19:38:49] [DEBUG] [PROTOCOL] Received 244 bytes
[2026-01-26 19:38:49] [DEBUG] [PROTOCOL] Received 244 bytes
[2026-01-26 19:38:49] [DEBUG] [PROTOCOL] Received 244 bytes
[2026-01-26 19:38:49] [DEBUG] [PROTOCOL] Received 244 bytes
[2026-01-26 19:38:49] [DEBUG] [PROTOCOL] Received 244 bytes
[2026-01-26 19:38:49] [DEBUG] [PROTOCOL] Received 244 bytes
[2026-01-26 19:38:49] [DEBUG] [PROTOCOL] Received 244 bytes
[2026-01-26 19:38:49] [DEBUG] [PROTOCOL] Received 244 bytes
[2026-01-26 19:38:49] [DEBUG] [PROTOCOL] Received 244 bytes
[2026-01-26 19:38:49] [DEBUG] [PROTOCOL] Received 244 bytes
[2026-01-26 19:38:49] [DEBUG] [PROTOCOL] Received 244 bytes
[2026-01-26 19:38:49] [DEBUG] [PROTOCOL] Received 244 bytes
[2026-01-26 19:38:49] [DEBUG] [PROTOCOL] Received 244 bytes
[2026-01-26 19:38:50] [DEBUG] [PROTOCOL] Received 244 bytes
[2026-01-26 19:38:50] [DEBUG] [PROTOCOL] Received 244 bytes
[2026-01-26 19:38:50] [DEBUG] [PROTOCOL] Received 244 bytes
[2026-01-26 19:38:50] [DEBUG] [PROTOCOL] Received 244 bytes
[2026-01-26 19:38:50] [DEBUG] [PROTOCOL] Received 244 bytes
[2026-01-26 19:38:50] [DEBUG] [PROTOCOL] Received 244 bytes
[2026-01-26 19:38:50] [DEBUG] [PROTOCOL] Received 244 bytes
[2026-01-26 19:38:50] [DEBUG] [PROTOCOL] Received 244 bytes
[2026-01-26 19:38:50] [DEBUG] [PROTOCOL] Received 244 bytes
[2026-01-26 19:38:50] [DEBUG] [PROTOCOL] Received 244 bytes
[2026-01-26 19:38:50] [DEBUG] [PROTOCOL] Received 244 bytes
[2026-01-26 19:38:50] [DEBUG] [PROTOCOL] Received 244 bytes
[2026-01-26 19:38:50] [DEBUG] [PROTOCOL] Received 244 bytes
[2026-01-26 19:38:50] [DEBUG] [PROTOCOL] Received 244 bytes
[2026-01-26 19:38:50] [DEBUG] [PROTOCOL] Received 244 bytes
[2026-01-26 19:38:50] [DEBUG] [PROTOCOL] Received 244 bytes
[2026-01-26 19:38:50] [DEBUG] [PROTOCOL] Received 244 bytes
[2026-01-26 19:38:50] [DEBUG] [PROTOCOL] Received 244 bytes
[2026-01-26 19:38:50] [DEBUG] [PROTOCOL] Received 244 bytes
[2026-01-26 19:38:50] [DEBUG] [PROTOCOL] Received 244 bytes
[2026-01-26 19:38:50] [DEBUG] [PROTOCOL] Received 244 bytes
[2026-01-26 19:38:50] [DEBUG] [PROTOCOL] Received 244 bytes
[2026-01-26 19:38:50] [DEBUG] [PROTOCOL] Received 244 bytes
[2026-01-26 19:38:50] [DEBUG] [PROTOCOL] Received 244 bytes
[2026-01-26 19:38:50] [DEBUG] [PROTOCOL] Received 244 bytes
[2026-01-26 19:38:50] [DEBUG] [PROTOCOL] Received 244 bytes
[2026-01-26 19:38:50] [DEBUG] [PROTOCOL] Received 244 bytes
[2026-01-26 19:38:50] [DEBUG] [PROTOCOL] Received 244 bytes
[2026-01-26 19:38:50] [DEBUG] [PROTOCOL] Received 244 bytes
[2026-01-26 19:38:50] [DEBUG] [PROTOCOL] Received 244 bytes
[2026-01-26 19:38:50] [DEBUG] [PROTOCOL] Received 244 bytes
[2026-01-26 19:38:50] [DEBUG] [PROTOCOL] Received 244 bytes
[2026-01-26 19:38:50] [DEBUG] [PROTOCOL] Received 244 bytes
[2026-01-26 19:38:50] [DEBUG] [PROTOCOL] Received 244 bytes
[2026-01-26 19:38:50] [DEBUG] [PROTOCOL] Received 244 bytes
[2026-01-26 19:38:50] [DEBUG] [PROTOCOL] Received 244 bytes
[2026-01-26 19:38:50] [DEBUG] [PROTOCOL] Received 244 bytes
[2026-01-26 19:38:51] [DEBUG] [PROTOCOL] Received 244 bytes
[2026-01-26 19:38:51] [DEBUG] [PROTOCOL] Received 244 bytes
[2026-01-26 19:38:51] [DEBUG] [PROTOCOL] Received 244 bytes
[2026-01-26 19:38:51] [DEBUG] [PROTOCOL] Received 244 bytes
[2026-01-26 19:38:51] [DEBUG] [PROTOCOL] Received 244 bytes
[2026-01-26 19:38:51] [DEBUG] [PROTOCOL] Received 244 bytes
[2026-01-26 19:38:51] [DEBUG] [PROTOCOL] Received 244 bytes
[2026-01-26 19:38:51] [DEBUG] [PROTOCOL] Received 244 bytes
[2026-01-26 19:38:51] [DEBUG] [PROTOCOL] Received 244 bytes
[2026-01-26 19:38:51] [DEBUG] [PROTOCOL] Received 244 bytes
[2026-01-26 19:38:51] [DEBUG] [PROTOCOL] Received 244 bytes
[2026-01-26 19:38:51] [DEBUG] [PROTOCOL] Received 244 bytes
[2026-01-26 19:38:51] [DEBUG] [PROTOCOL] Received 244 bytes
[2026-01-26 19:38:51] [DEBUG] [PROTOCOL] Received 244 bytes
[2026-01-26 19:38:51] [DEBUG] [PROTOCOL] Received 244 bytes
[2026-01-26 19:38:51] [DEBUG] [PROTOCOL] Received 244 bytes
[2026-01-26 19:38:51] [DEBUG] [PROTOCOL] Received 244 bytes
[2026-01-26 19:38:51] [DEBUG] [PROTOCOL] Received 244 bytes
[2026-01-26 19:38:51] [DEBUG] [PROTOCOL] Received 244 bytes
[2026-01-26 19:38:51] [DEBUG] [PROTOCOL] Received 244 bytes
[2026-01-26 19:38:51] [DEBUG] [PROTOCOL] Received 244 bytes
[2026-01-26 19:38:51] [DEBUG] [PROTOCOL] Received 244 bytes
[2026-01-26 19:38:51] [DEBUG] [PROTOCOL] Received 244 bytes
[2026-01-26 19:38:51] [DEBUG] [PROTOCOL] Received 244 bytes
[2026-01-26 19:38:51] [DEBUG] [PROTOCOL] Received 244 bytes
[2026-01-26 19:38:51] [DEBUG] [PROTOCOL] Received 244 bytes
[2026-01-26 19:38:51] [DEBUG] [PROTOCOL] Received 244 bytes
[2026-01-26 19:38:51] [DEBUG] [PROTOCOL] Received 244 bytes
[2026-01-26 19:38:51] [DEBUG] [PROTOCOL] Received 244 bytes
[2026-01-26 19:38:51] [DEBUG] [PROTOCOL] Received 244 bytes
[2026-01-26 19:38:51] [DEBUG] [PROTOCOL] Received 244 bytes
[2026-01-26 19:38:51] [DEBUG] [PROTOCOL] Received 244 bytes
[2026-01-26 19:38:51] [DEBUG] [PROTOCOL] Received 244 bytes
[2026-01-26 19:38:51] [DEBUG] [PROTOCOL] Received 244 bytes
[2026-01-26 19:38:51] [DEBUG] [PROTOCOL] Received 244 bytes
[2026-01-26 19:38:51] [DEBUG] [PROTOCOL] Received 244 bytes
[2026-01-26 19:38:52] [DEBUG] [PROTOCOL] Received 244 bytes
[2026-01-26 19:38:52] [DEBUG] [PROTOCOL] Received 244 bytes
[2026-01-26 19:38:52] [DEBUG] [PROTOCOL] Received 244 bytes
[2026-01-26 19:38:52] [DEBUG] [PROTOCOL] Received 244 bytes
[2026-01-26 19:38:52] [DEBUG] [PROTOCOL] Received 244 bytes
[2026-01-26 19:38:52] [DEBUG] [PROTOCOL] Received 244 bytes
[2026-01-26 19:38:52] [DEBUG] [PROTOCOL] Received 244 bytes
[2026-01-26 19:38:52] [DEBUG] [PROTOCOL] Received 244 bytes
[2026-01-26 19:38:52] [DEBUG] [PROTOCOL] Received 244 bytes
[2026-01-26 19:38:52] [DEBUG] [PROTOCOL] Received 244 bytes
[2026-01-26 19:38:52] [DEBUG] [PROTOCOL] Received 244 bytes
[2026-01-26 19:38:52] [DEBUG] [PROTOCOL] Received 244 bytes
[2026-01-26 19:38:52] [DEBUG] [PROTOCOL] Received 244 bytes
[2026-01-26 19:38:52] [DEBUG] [PROTOCOL] Received 244 bytes
[2026-01-26 19:38:52] [DEBUG] [PROTOCOL] Received 244 bytes
[2026-01-26 19:38:52] [DEBUG] [PROTOCOL] Received 244 bytes
[2026-01-26 19:38:52] [DEBUG] [PROTOCOL] Received 244 bytes
[2026-01-26 19:38:52] [DEBUG] [PROTOCOL] Received 244 bytes
[2026-01-26 19:38:52] [DEBUG] [PROTOCOL] Received 244 bytes
[2026-01-26 19:38:52] [DEBUG] [PROTOCOL] Received 244 bytes
[2026-01-26 19:38:52] [DEBUG] [PROTOCOL] Received 244 bytes
[2026-01-26 19:38:52] [DEBUG] [PROTOCOL] Received 244 bytes
[2026-01-26 19:38:52] [DEBUG] [PROTOCOL] Received 244 bytes
[2026-01-26 19:38:52] [DEBUG] [PROTOCOL] Received 244 bytes
[2026-01-26 19:38:52] [DEBUG] [PROTOCOL] Received 244 bytes
[2026-01-26 19:38:52] [DEBUG] [PROTOCOL] Received 244 bytes
[2026-01-26 19:38:52] [DEBUG] [PROTOCOL] Received 244 bytes
[2026-01-26 19:38:52] [DEBUG] [PROTOCOL] Received 244 bytes
[2026-01-26 19:38:52] [DEBUG] [PROTOCOL] Received 244 bytes
[2026-01-26 19:38:52] [DEBUG] [PROTOCOL] Received 244 bytes
[2026-01-26 19:38:52] [DEBUG] [PROTOCOL] Received 244 bytes
[2026-01-26 19:38:52] [DEBUG] [PROTOCOL] Received 244 bytes
[2026-01-26 19:38:52] [DEBUG] [PROTOCOL] Received 244 bytes
[2026-01-26 19:38:52] [DEBUG] [PROTOCOL] Received 244 bytes
[2026-01-26 19:38:52] [DEBUG] [PROTOCOL] Received 244 bytes
[2026-01-26 19:38:52] [DEBUG] [PROTOCOL] Received 244 bytes
[2026-01-26 19:38:52] [DEBUG] [PROTOCOL] Received 244 bytes
[2026-01-26 19:38:53] [DEBUG] [PROTOCOL] Received 244 bytes
[2026-01-26 19:38:53] [DEBUG] [PROTOCOL] Received 244 bytes
[2026-01-26 19:38:53] [DEBUG] [PROTOCOL] Received 244 bytes
[2026-01-26 19:38:53] [DEBUG] [PROTOCOL] Received 244 bytes
[2026-01-26 19:38:53] [DEBUG] [PROTOCOL] Received 244 bytes
[2026-01-26 19:38:53] [DEBUG] [PROTOCOL] Received 244 bytes
[2026-01-26 19:38:53] [DEBUG] [PROTOCOL] Received 244 bytes
[2026-01-26 19:38:53] [DEBUG] [PROTOCOL] Received 244 bytes
[2026-01-26 19:38:53] [DEBUG] [PROTOCOL] Received 244 bytes
[2026-01-26 19:38:53] [DEBUG] [PROTOCOL] Received 244 bytes
[2026-01-26 19:38:53] [DEBUG] [PROTOCOL] Received 244 bytes
[2026-01-26 19:38:53] [DEBUG] [PROTOCOL] Received 244 bytes
[2026-01-26 19:38:53] [DEBUG] [PROTOCOL] Received 244 bytes
[2026-01-26 19:38:53] [DEBUG] [PROTOCOL] Received 244 bytes
[2026-01-26 19:38:53] [DEBUG] [PROTOCOL] Received 244 bytes
[2026-01-26 19:38:53] [DEBUG] [PROTOCOL] Received 244 bytes
[2026-01-26 19:38:53] [DEBUG] [PROTOCOL] Received 244 bytes
[2026-01-26 19:38:53] [DEBUG] [PROTOCOL] Received 244 bytes
[2026-01-26 19:38:53] [DEBUG] [PROTOCOL] Received 244 bytes
[2026-01-26 19:38:53] [DEBUG] [PROTOCOL] Received 244 bytes
[2026-01-26 19:38:53] [DEBUG] [PROTOCOL] Received 244 bytes
[2026-01-26 19:38:53] [DEBUG] [PROTOCOL] Received 244 bytes
[2026-01-26 19:38:53] [DEBUG] [PROTOCOL] Received 244 bytes
[2026-01-26 19:38:53] [DEBUG] [PROTOCOL] Received 244 bytes
[2026-01-26 19:38:53] [DEBUG] [PROTOCOL] Received 244 bytes
[2026-01-26 19:38:53] [DEBUG] [PROTOCOL] Received 244 bytes
[2026-01-26 19:38:53] [DEBUG] [PROTOCOL] Received 244 bytes
[2026-01-26 19:38:53] [DEBUG] [PROTOCOL] Received 244 bytes
[2026-01-26 19:38:53] [DEBUG] [PROTOCOL] Received 244 bytes
[2026-01-26 19:38:53] [DEBUG] [PROTOCOL] Received 244 bytes
[2026-01-26 19:38:53] [DEBUG] [PROTOCOL] Received 244 bytes
[2026-01-26 19:38:53] [DEBUG] [PROTOCOL] Received 244 bytes
[2026-01-26 19:38:53] [DEBUG] [PROTOCOL] Received 244 bytes
[2026-01-26 19:38:53] [DEBUG] [PROTOCOL] Received 244 bytes
[2026-01-26 19:38:53] [DEBUG] [PROTOCOL] Received 244 bytes
[2026-01-26 19:38:53] [DEBUG] [PROTOCOL] Received 244 bytes
[2026-01-26 19:38:53] [DEBUG] [PROTOCOL] Received 244 bytes
[2026-01-26 19:38:53] [DEBUG] [PROTOCOL] Received 244 bytes
[2026-01-26 19:38:54] [DEBUG] [PROTOCOL] Received 244 bytes
[2026-01-26 19:38:54] [DEBUG] [PROTOCOL] Received 244 bytes
[2026-01-26 19:38:54] [DEBUG] [PROTOCOL] Received 244 bytes
[2026-01-26 19:38:54] [DEBUG] [PROTOCOL] Received 244 bytes
[2026-01-26 19:38:54] [DEBUG] [PROTOCOL] Received 244 bytes
[2026-01-26 19:38:54] [DEBUG] [PROTOCOL] Received 244 bytes
[2026-01-26 19:38:54] [DEBUG] [PROTOCOL] Received 244 bytes
[2026-01-26 19:38:54] [DEBUG] [PROTOCOL] Received 244 bytes
[2026-01-26 19:38:54] [DEBUG] [PROTOCOL] Received 244 bytes
[2026-01-26 19:38:54] [DEBUG] [PROTOCOL] Received 244 bytes
[2026-01-26 19:38:54] [DEBUG] [PROTOCOL] Received 244 bytes
[2026-01-26 19:38:54] [DEBUG] [PROTOCOL] Received 244 bytes
[2026-01-26 19:38:54] [DEBUG] [PROTOCOL] Received 244 bytes
[2026-01-26 19:38:54] [DEBUG] [PROTOCOL] Received 244 bytes
[2026-01-26 19:38:54] [DEBUG] [PROTOCOL] Received 244 bytes
[2026-01-26 19:38:54] [DEBUG] [PROTOCOL] Received 244 bytes
[2026-01-26 19:38:54] [DEBUG] [PROTOCOL] Received 244 bytes
[2026-01-26 19:38:54] [DEBUG] [PROTOCOL] Received 244 bytes
[2026-01-26 19:38:54] [DEBUG] [PROTOCOL] Received 244 bytes
[2026-01-26 19:38:54] [DEBUG] [PROTOCOL] Received 244 bytes
[2026-01-26 19:38:54] [DEBUG] [PROTOCOL] Received 244 bytes
[2026-01-26 19:38:54] [DEBUG] [PROTOCOL] Received 244 bytes
[2026-01-26 19:38:54] [DEBUG] [PROTOCOL] Received 244 bytes
[2026-01-26 19:38:54] [DEBUG] [PROTOCOL] Received 244 bytes
[2026-01-26 19:38:54] [DEBUG] [PROTOCOL] Received 244 bytes
[2026-01-26 19:38:54] [DEBUG] [PROTOCOL] Received 244 bytes
[2026-01-26 19:38:54] [DEBUG] [PROTOCOL] Received 244 bytes
[2026-01-26 19:38:54] [DEBUG] [PROTOCOL] Received 244 bytes
[2026-01-26 19:38:54] [DEBUG] [PROTOCOL] Received 244 bytes
[2026-01-26 19:38:54] [DEBUG] [PROTOCOL] Received 244 bytes
[2026-01-26 19:38:54] [DEBUG] [PROTOCOL] Received 244 bytes
[2026-01-26 19:38:54] [DEBUG] [PROTOCOL] Received 244 bytes
[2026-01-26 19:38:54] [DEBUG] [PROTOCOL] Received 244 bytes
[2026-01-26 19:38:54] [DEBUG] [PROTOCOL] Received 244 bytes
[2026-01-26 19:38:54] [DEBUG] [PROTOCOL] Received 244 bytes
[2026-01-26 19:38:54] [DEBUG] [PROTOCOL] Received 244 bytes
[2026-01-26 19:38:54] [DEBUG] [PROTOCOL] Received 244 bytes
[2026-01-26 19:38:55] [DEBUG] [PROTOCOL] Received 244 bytes
[2026-01-26 19:38:55] [DEBUG] [PROTOCOL] Received 244 bytes
[2026-01-26 19:38:55] [DEBUG] [PROTOCOL] Received 244 bytes
[2026-01-26 19:38:55] [DEBUG] [PROTOCOL] Received 244 bytes
[2026-01-26 19:38:55] [DEBUG] [PROTOCOL] Received 244 bytes
[2026-01-26 19:38:55] [DEBUG] [PROTOCOL] Received 244 bytes
[2026-01-26 19:38:55] [DEBUG] [PROTOCOL] Received 244 bytes
[2026-01-26 19:38:55] [DEBUG] [PROTOCOL] Received 244 bytes
[2026-01-26 19:38:55] [DEBUG] [PROTOCOL] Received 244 bytes
[2026-01-26 19:38:55] [DEBUG] [PROTOCOL] Received 244 bytes
[2026-01-26 19:38:55] [DEBUG] [PROTOCOL] Received 244 bytes
[2026-01-26 19:38:55] [DEBUG] [PROTOCOL] Received 244 bytes
[2026-01-26 19:38:55] [DEBUG] [PROTOCOL] Received 244 bytes
[2026-01-26 19:38:55] [DEBUG] [PROTOCOL] Received 244 bytes
[2026-01-26 19:38:55] [DEBUG] [PROTOCOL] Received 244 bytes
[2026-01-26 19:38:55] [DEBUG] [PROTOCOL] Received 244 bytes
[2026-01-26 19:38:55] [DEBUG] [PROTOCOL] Received 244 bytes
[2026-01-26 19:38:55] [DEBUG] [PROTOCOL] Received 244 bytes
[2026-01-26 19:38:55] [DEBUG] [PROTOCOL] Received 244 bytes
[2026-01-26 19:38:55] [DEBUG] [PROTOCOL] Received 244 bytes
[2026-01-26 19:38:55] [DEBUG] [PROTOCOL] Received 244 bytes
[2026-01-26 19:38:55] [DEBUG] [PROTOCOL] Received 244 bytes
[2026-01-26 19:38:55] [DEBUG] [PROTOCOL] Received 244 bytes
[2026-01-26 19:38:55] [DEBUG] [PROTOCOL] Received 244 bytes
[2026-01-26 19:38:55] [DEBUG] [PROTOCOL] Received 244 bytes
[2026-01-26 19:38:55] [DEBUG] [PROTOCOL] Received 244 bytes
[2026-01-26 19:38:55] [DEBUG] [PROTOCOL] Received 244 bytes
[2026-01-26 19:38:55] [DEBUG] [PROTOCOL] Received 244 bytes
[2026-01-26 19:38:55] [DEBUG] [PROTOCOL] Received 244 bytes
[2026-01-26 19:38:55] [DEBUG] [PROTOCOL] Received 244 bytes
[2026-01-26 19:38:55] [DEBUG] [PROTOCOL] Received 244 bytes
[2026-01-26 19:38:55] [DEBUG] [PROTOCOL] Received 244 bytes
[2026-01-26 19:38:55] [DEBUG] [PROTOCOL] Received 244 bytes
[2026-01-26 19:38:55] [DEBUG] [PROTOCOL] Received 244 bytes
[2026-01-26 19:38:55] [DEBUG] [PROTOCOL] Received 244 bytes
[2026-01-26 19:38:55] [DEBUG] [PROTOCOL] Received 244 bytes
[2026-01-26 19:38:55] [DEBUG] [PROTOCOL] Received 244 bytes
[2026-01-26 19:38:56] [DEBUG] [PROTOCOL] Received 244 bytes
[2026-01-26 19:38:56] [DEBUG] [PROTOCOL] Received 244 bytes
[2026-01-26 19:38:56] [DEBUG] [PROTOCOL] Received 244 bytes
[2026-01-26 19:38:56] [DEBUG] [PROTOCOL] Received 244 bytes
[2026-01-26 19:38:56] [DEBUG] [PROTOCOL] Received 244 bytes
[2026-01-26 19:38:56] [DEBUG] [PROTOCOL] Received 244 bytes
[2026-01-26 19:38:56] [DEBUG] [PROTOCOL] Received 244 bytes
[2026-01-26 19:38:56] [DEBUG] [PROTOCOL] Received 244 bytes
[2026-01-26 19:38:56] [DEBUG] [PROTOCOL] Received 244 bytes
[2026-01-26 19:38:56] [DEBUG] [PROTOCOL] Received 244 bytes
[2026-01-26 19:38:56] [DEBUG] [PROTOCOL] Received 244 bytes
[2026-01-26 19:38:56] [DEBUG] [PROTOCOL] Received 244 bytes
[2026-01-26 19:38:56] [DEBUG] [PROTOCOL] Received 244 bytes
[2026-01-26 19:38:56] [DEBUG] [PROTOCOL] Received 244 bytes
[2026-01-26 19:38:56] [DEBUG] [PROTOCOL] Received 244 bytes
[2026-01-26 19:38:56] [DEBUG] [PROTOCOL] Received 244 bytes
[2026-01-26 19:38:56] [DEBUG] [PROTOCOL] Received 244 bytes
[2026-01-26 19:38:56] [DEBUG] [PROTOCOL] Received 244 bytes
[2026-01-26 19:38:56] [DEBUG] [PROTOCOL] Received 244 bytes
[2026-01-26 19:38:56] [DEBUG] [PROTOCOL] Received 244 bytes
[2026-01-26 19:38:56] [DEBUG] [PROTOCOL] Received 244 bytes
[2026-01-26 19:38:56] [DEBUG] [PROTOCOL] Received 244 bytes
[2026-01-26 19:38:56] [DEBUG] [PROTOCOL] Received 244 bytes
[2026-01-26 19:38:56] [DEBUG] [PROTOCOL] Received 244 bytes
[2026-01-26 19:38:56] [DEBUG] [PROTOCOL] Received 244 bytes
[2026-01-26 19:38:56] [DEBUG] [PROTOCOL] Received 244 bytes
[2026-01-26 19:38:56] [DEBUG] [PROTOCOL] Received 244 bytes
[2026-01-26 19:38:56] [DEBUG] [PROTOCOL] Received 244 bytes
[2026-01-26 19:38:56] [DEBUG] [PROTOCOL] Received 244 bytes
[2026-01-26 19:38:56] [DEBUG] [PROTOCOL] Received 244 bytes
[2026-01-26 19:38:56] [DEBUG] [PROTOCOL] Received 244 bytes
[2026-01-26 19:38:56] [DEBUG] [PROTOCOL] Received 244 bytes
[2026-01-26 19:38:56] [DEBUG] [PROTOCOL] Received 244 bytes
[2026-01-26 19:38:56] [DEBUG] [PROTOCOL] Received 244 bytes
[2026-01-26 19:38:56] [DEBUG] [PROTOCOL] Received 244 bytes
[2026-01-26 19:38:56] [DEBUG] [PROTOCOL] Received 244 bytes
[2026-01-26 19:38:56] [DEBUG] [PROTOCOL] Received 244 bytes
[2026-01-26 19:38:57] [DEBUG] [PROTOCOL] Received 244 bytes
[2026-01-26 19:38:57] [DEBUG] [PROTOCOL] Received 244 bytes
[2026-01-26 19:38:57] [DEBUG] [PROTOCOL] Received 244 bytes
[2026-01-26 19:38:57] [DEBUG] [PROTOCOL] Received 244 bytes
[2026-01-26 19:38:57] [DEBUG] [PROTOCOL] Received 244 bytes
[2026-01-26 19:38:57] [DEBUG] [PROTOCOL] Received 244 bytes
[2026-01-26 19:38:57] [DEBUG] [PROTOCOL] Received 244 bytes
[2026-01-26 19:38:57] [DEBUG] [PROTOCOL] Received 244 bytes
[2026-01-26 19:38:57] [DEBUG] [PROTOCOL] Received 244 bytes
[2026-01-26 19:38:57] [DEBUG] [PROTOCOL] Received 244 bytes
[2026-01-26 19:38:57] [DEBUG] [PROTOCOL] Received 244 bytes
[2026-01-26 19:38:57] [DEBUG] [PROTOCOL] Received 244 bytes
[2026-01-26 19:38:57] [DEBUG] [PROTOCOL] Received 244 bytes
[2026-01-26 19:38:57] [DEBUG] [PROTOCOL] Received 244 bytes
[2026-01-26 19:38:57] [DEBUG] [PROTOCOL] Received 244 bytes
[2026-01-26 19:38:57] [DEBUG] [PROTOCOL] Received 244 bytes
[2026-01-26 19:38:57] [DEBUG] [PROTOCOL] Received 244 bytes
[2026-01-26 19:38:57] [DEBUG] [PROTOCOL] Received 244 bytes
[2026-01-26 19:38:57] [DEBUG] [PROTOCOL] Received 244 bytes
[2026-01-26 19:38:57] [DEBUG] [PROTOCOL] Received 244 bytes
[2026-01-26 19:38:57] [DEBUG] [PROTOCOL] Received 244 bytes
[2026-01-26 19:38:57] [DEBUG] [PROTOCOL] Received 244 bytes
[2026-01-26 19:38:57] [DEBUG] [PROTOCOL] Received 244 bytes
[2026-01-26 19:38:57] [DEBUG] [PROTOCOL] Received 244 bytes
[2026-01-26 19:38:57] [DEBUG] [PROTOCOL] Received 244 bytes
[2026-01-26 19:38:57] [DEBUG] [PROTOCOL] Received 244 bytes
[2026-01-26 19:38:57] [DEBUG] [PROTOCOL] Received 244 bytes
[2026-01-26 19:38:57] [DEBUG] [PROTOCOL] Received 244 bytes
[2026-01-26 19:38:57] [DEBUG] [PROTOCOL] Received 244 bytes
[2026-01-26 19:38:57] [DEBUG] [PROTOCOL] Received 244 bytes
[2026-01-26 19:38:57] [DEBUG] [PROTOCOL] Received 244 bytes
[2026-01-26 19:38:57] [DEBUG] [PROTOCOL] Received 244 bytes
[2026-01-26 19:38:57] [DEBUG] [PROTOCOL] Received 244 bytes
[2026-01-26 19:38:57] [DEBUG] [PROTOCOL] Received 244 bytes
[2026-01-26 19:38:57] [DEBUG] [PROTOCOL] Received 244 bytes
[2026-01-26 19:38:57] [DEBUG] [PROTOCOL] Received 244 bytes
[2026-01-26 19:38:57] [DEBUG] [PROTOCOL] Received 244 bytes
[2026-01-26 19:38:58] [DEBUG] [PROTOCOL] Received 244 bytes
[2026-01-26 19:38:58] [DEBUG] [PROTOCOL] Received 244 bytes
[2026-01-26 19:38:58] [DEBUG] [PROTOCOL] Received 244 bytes
[2026-01-26 19:38:58] [DEBUG] [PROTOCOL] Received 244 bytes
[2026-01-26 19:38:58] [DEBUG] [PROTOCOL] Received 244 bytes
[2026-01-26 19:38:58] [DEBUG] [PROTOCOL] Received 244 bytes
[2026-01-26 19:38:58] [DEBUG] [PROTOCOL] Received 244 bytes
[2026-01-26 19:38:58] [DEBUG] [PROTOCOL] Received 244 bytes
[2026-01-26 19:38:58] [DEBUG] [PROTOCOL] Received 244 bytes
[2026-01-26 19:38:58] [DEBUG] [PROTOCOL] Received 244 bytes
[2026-01-26 19:38:58] [DEBUG] [PROTOCOL] Received 244 bytes
[2026-01-26 19:38:58] [DEBUG] [PROTOCOL] Received 244 bytes
[2026-01-26 19:38:58] [DEBUG] [PROTOCOL] Received 244 bytes
[2026-01-26 19:38:58] [DEBUG] [PROTOCOL] Received 244 bytes
[2026-01-26 19:38:58] [DEBUG] [PROTOCOL] Received 244 bytes
[2026-01-26 19:38:58] [DEBUG] [PROTOCOL] Received 244 bytes
[2026-01-26 19:38:58] [DEBUG] [PROTOCOL] Received 244 bytes
[2026-01-26 19:38:58] [DEBUG] [PROTOCOL] Received 244 bytes
[2026-01-26 19:38:58] [DEBUG] [PROTOCOL] Received 244 bytes
[2026-01-26 19:38:58] [DEBUG] [PROTOCOL] Received 244 bytes
[2026-01-26 19:38:58] [DEBUG] [PROTOCOL] Received 244 bytes
[2026-01-26 19:38:58] [DEBUG] [PROTOCOL] Received 244 bytes
[2026-01-26 19:38:58] [DEBUG] [PROTOCOL] Received 244 bytes
[2026-01-26 19:38:58] [DEBUG] [PROTOCOL] Received 244 bytes
[2026-01-26 19:38:58] [DEBUG] [PROTOCOL] Received 244 bytes
[2026-01-26 19:38:58] [DEBUG] [PROTOCOL] Received 244 bytes
[2026-01-26 19:38:58] [DEBUG] [PROTOCOL] Received 244 bytes
[2026-01-26 19:38:58] [DEBUG] [PROTOCOL] Received 244 bytes
[2026-01-26 19:38:58] [DEBUG] [PROTOCOL] Received 244 bytes
[2026-01-26 19:38:58] [DEBUG] [PROTOCOL] Received 244 bytes
[2026-01-26 19:38:58] [DEBUG] [PROTOCOL] Received 244 bytes
[2026-01-26 19:38:58] [DEBUG] [PROTOCOL] Received 244 bytes
[2026-01-26 19:38:58] [DEBUG] [PROTOCOL] Received 244 bytes
[2026-01-26 19:38:58] [DEBUG] [PROTOCOL] Received 244 bytes
[2026-01-26 19:38:58] [DEBUG] [PROTOCOL] Received 244 bytes
[2026-01-26 19:38:58] [DEBUG] [PROTOCOL] Received 244 bytes
[2026-01-26 19:38:58] [DEBUG] [PROTOCOL] Received 244 bytes
[2026-01-26 19:38:59] [DEBUG] [PROTOCOL] Received 244 bytes
[2026-01-26 19:38:59] [DEBUG] [PROTOCOL] Received 244 bytes
[2026-01-26 19:38:59] [DEBUG] [PROTOCOL] Received 244 bytes
[2026-01-26 19:38:59] [DEBUG] [PROTOCOL] Received 244 bytes
[2026-01-26 19:38:59] [DEBUG] [PROTOCOL] Received 244 bytes
[2026-01-26 19:38:59] [DEBUG] [PROTOCOL] Received 244 bytes
[2026-01-26 19:38:59] [DEBUG] [PROTOCOL] Received 244 bytes
[2026-01-26 19:38:59] [DEBUG] [PROTOCOL] Received 244 bytes
[2026-01-26 19:38:59] [DEBUG] [PROTOCOL] Received 244 bytes
[2026-01-26 19:38:59] [DEBUG] [PROTOCOL] Received 244 bytes
[2026-01-26 19:38:59] [DEBUG] [PROTOCOL] Received 244 bytes
[2026-01-26 19:38:59] [DEBUG] [PROTOCOL] Received 244 bytes
[2026-01-26 19:38:59] [DEBUG] [PROTOCOL] Received 244 bytes
[2026-01-26 19:38:59] [DEBUG] [PROTOCOL] Received 244 bytes
[2026-01-26 19:38:59] [DEBUG] [PROTOCOL] Received 244 bytes
[2026-01-26 19:38:59] [DEBUG] [PROTOCOL] Received 244 bytes
[2026-01-26 19:38:59] [DEBUG] [PROTOCOL] Received 244 bytes
[2026-01-26 19:38:59] [DEBUG] [PROTOCOL] Received 244 bytes
[2026-01-26 19:38:59] [DEBUG] [PROTOCOL] Received 244 bytes
[2026-01-26 19:38:59] [DEBUG] [PROTOCOL] Received 244 bytes
[2026-01-26 19:38:59] [DEBUG] [PROTOCOL] Received 244 bytes
[2026-01-26 19:38:59] [DEBUG] [PROTOCOL] Received 244 bytes
[2026-01-26 19:38:59] [DEBUG] [PROTOCOL] Received 244 bytes
[2026-01-26 19:38:59] [DEBUG] [PROTOCOL] Received 244 bytes
[2026-01-26 19:38:59] [DEBUG] [PROTOCOL] Received 244 bytes
[2026-01-26 19:38:59] [DEBUG] [PROTOCOL] Received 244 bytes
[2026-01-26 19:38:59] [DEBUG] [PROTOCOL] Received 244 bytes
[2026-01-26 19:38:59] [DEBUG] [PROTOCOL] Received 244 bytes
[2026-01-26 19:38:59] [DEBUG] [PROTOCOL] Received 244 bytes
[2026-01-26 19:38:59] [DEBUG] [PROTOCOL] Received 244 bytes
[2026-01-26 19:38:59] [DEBUG] [PROTOCOL] Received 244 bytes
[2026-01-26 19:38:59] [DEBUG] [PROTOCOL] Received 244 bytes
[2026-01-26 19:38:59] [DEBUG] [PROTOCOL] Received 244 bytes
[2026-01-26 19:38:59] [DEBUG] [PROTOCOL] Received 244 bytes
[2026-01-26 19:38:59] [DEBUG] [PROTOCOL] Received 244 bytes
[2026-01-26 19:38:59] [DEBUG] [PROTOCOL] Received 244 bytes
[2026-01-26 19:38:59] [DEBUG] [PROTOCOL] Received 244 bytes
[2026-01-26 19:39:00] [DEBUG] [PROTOCOL] Received 244 bytes
[2026-01-26 19:39:00] [DEBUG] [PROTOCOL] Received 244 bytes
[2026-01-26 19:39:00] [DEBUG] [PROTOCOL] Received 244 bytes
[2026-01-26 19:39:00] [DEBUG] [PROTOCOL] Received 244 bytes
[2026-01-26 19:39:00] [DEBUG] [PROTOCOL] Received 244 bytes
[2026-01-26 19:39:00] [DEBUG] [PROTOCOL] Received 244 bytes
[2026-01-26 19:39:00] [DEBUG] [PROTOCOL] Received 244 bytes
[2026-01-26 19:39:00] [DEBUG] [PROTOCOL] Received 244 bytes
[2026-01-26 19:39:00] [DEBUG] [PROTOCOL] Received 244 bytes
[2026-01-26 19:39:00] [DEBUG] [PROTOCOL] Received 244 bytes
[2026-01-26 19:39:00] [DEBUG] [PROTOCOL] Received 244 bytes
[2026-01-26 19:39:00] [DEBUG] [PROTOCOL] Received 244 bytes
[2026-01-26 19:39:00] [DEBUG] [PROTOCOL] Received 244 bytes
[2026-01-26 19:39:00] [DEBUG] [PROTOCOL] Received 244 bytes
[2026-01-26 19:39:00] [DEBUG] [PROTOCOL] Received 244 bytes
[2026-01-26 19:39:00] [DEBUG] [PROTOCOL] Received 244 bytes
[2026-01-26 19:39:00] [DEBUG] [PROTOCOL] Received 244 bytes
[2026-01-26 19:39:00] [DEBUG] [PROTOCOL] Received 244 bytes
[2026-01-26 19:39:00] [DEBUG] [PROTOCOL] Received 244 bytes
[2026-01-26 19:39:00] [DEBUG] [PROTOCOL] Received 244 bytes
[2026-01-26 19:39:00] [DEBUG] [PROTOCOL] Received 244 bytes
[2026-01-26 19:39:00] [DEBUG] [PROTOCOL] Received 244 bytes
[2026-01-26 19:39:00] [DEBUG] [PROTOCOL] Received 244 bytes
[2026-01-26 19:39:00] [DEBUG] [PROTOCOL] Received 244 bytes
[2026-01-26 19:39:00] [DEBUG] [PROTOCOL] Received 244 bytes
[2026-01-26 19:39:00] [DEBUG] [PROTOCOL] Received 244 bytes
[2026-01-26 19:39:00] [DEBUG] [PROTOCOL] Received 244 bytes
[2026-01-26 19:39:00] [DEBUG] [PROTOCOL] Received 244 bytes
[2026-01-26 19:39:00] [DEBUG] [PROTOCOL] Received 244 bytes
[2026-01-26 19:39:00] [DEBUG] [PROTOCOL] Received 244 bytes
[2026-01-26 19:39:00] [DEBUG] [PROTOCOL] Received 244 bytes
[2026-01-26 19:39:00] [DEBUG] [PROTOCOL] Received 244 bytes
[2026-01-26 19:39:00] [DEBUG] [PROTOCOL] Received 244 bytes
[2026-01-26 19:39:00] [DEBUG] [PROTOCOL] Received 244 bytes
[2026-01-26 19:39:00] [DEBUG] [PROTOCOL] Received 244 bytes
[2026-01-26 19:39:00] [DEBUG] [PROTOCOL] Received 244 bytes
[2026-01-26 19:39:01] [DEBUG] [PROTOCOL] Received 244 bytes
[2026-01-26 19:39:01] [DEBUG] [PROTOCOL] Received 244 bytes
[2026-01-26 19:39:01] [DEBUG] [PROTOCOL] Received 244 bytes
[2026-01-26 19:39:01] [DEBUG] [PROTOCOL] Received 244 bytes
[2026-01-26 19:39:01] [DEBUG] [PROTOCOL] Received 244 bytes
[2026-01-26 19:39:01] [DEBUG] [PROTOCOL] Received 244 bytes
[2026-01-26 19:39:01] [DEBUG] [PROTOCOL] Received 244 bytes
[2026-01-26 19:39:01] [DEBUG] [PROTOCOL] Received 244 bytes
[2026-01-26 19:39:01] [DEBUG] [PROTOCOL] Received 244 bytes
[2026-01-26 19:39:01] [DEBUG] [PROTOCOL] Received 244 bytes
[2026-01-26 19:39:01] [DEBUG] [PROTOCOL] Received 244 bytes
[2026-01-26 19:39:01] [DEBUG] [PROTOCOL] Received 244 bytes
[2026-01-26 19:39:01] [DEBUG] [PROTOCOL] Received 244 bytes
[2026-01-26 19:39:01] [DEBUG] [PROTOCOL] Received 244 bytes
[2026-01-26 19:39:01] [DEBUG] [PROTOCOL] Received 244 bytes
[2026-01-26 19:39:01] [DEBUG] [PROTOCOL] Received 244 bytes
[2026-01-26 19:39:01] [DEBUG] [PROTOCOL] Received 244 bytes
[2026-01-26 19:39:01] [DEBUG] [PROTOCOL] Received 244 bytes
[2026-01-26 19:39:01] [DEBUG] [PROTOCOL] Received 244 bytes
[2026-01-26 19:39:01] [DEBUG] [PROTOCOL] Received 244 bytes
[2026-01-26 19:39:01] [DEBUG] [PROTOCOL] Received 244 bytes
[2026-01-26 19:39:01] [DEBUG] [PROTOCOL] Received 244 bytes
[2026-01-26 19:39:01] [DEBUG] [PROTOCOL] Received 244 bytes
[2026-01-26 19:39:01] [DEBUG] [PROTOCOL] Received 244 bytes
[2026-01-26 19:39:01] [DEBUG] [PROTOCOL] Received 244 bytes
[2026-01-26 19:39:01] [DEBUG] [PROTOCOL] Received 244 bytes
[2026-01-26 19:39:01] [DEBUG] [PROTOCOL] Received 244 bytes
[2026-01-26 19:39:01] [DEBUG] [PROTOCOL] Received 244 bytes
[2026-01-26 19:39:01] [DEBUG] [PROTOCOL] Received 244 bytes
[2026-01-26 19:39:01] [DEBUG] [PROTOCOL] Received 244 bytes
[2026-01-26 19:39:01] [DEBUG] [PROTOCOL] Received 244 bytes
[2026-01-26 19:39:01] [DEBUG] [PROTOCOL] Received 244 bytes
[2026-01-26 19:39:01] [DEBUG] [PROTOCOL] Received 244 bytes
[2026-01-26 19:39:01] [DEBUG] [PROTOCOL] Received 244 bytes
[2026-01-26 19:39:01] [DEBUG] [PROTOCOL] Received 244 bytes
[2026-01-26 19:39:01] [DEBUG] [PROTOCOL] Received 244 bytes
[2026-01-26 19:39:01] [DEBUG] [PROTOCOL] Received 244 bytes
[2026-01-26 19:39:02] [DEBUG] [PROTOCOL] Received 244 bytes
[2026-01-26 19:39:02] [DEBUG] [PROTOCOL] Received 244 bytes
[2026-01-26 19:39:02] [DEBUG] [PROTOCOL] Received 244 bytes
[2026-01-26 19:39:02] [DEBUG] [PROTOCOL] Received 244 bytes
[2026-01-26 19:39:02] [DEBUG] [PROTOCOL] Received 244 bytes
[2026-01-26 19:39:02] [DEBUG] [PROTOCOL] Received 244 bytes
[2026-01-26 19:39:02] [DEBUG] [PROTOCOL] Received 244 bytes
[2026-01-26 19:39:02] [DEBUG] [PROTOCOL] Received 244 bytes
[2026-01-26 19:39:02] [DEBUG] [PROTOCOL] Received 244 bytes
[2026-01-26 19:39:02] [DEBUG] [PROTOCOL] Received 244 bytes
[2026-01-26 19:39:02] [DEBUG] [PROTOCOL] Received 244 bytes
[2026-01-26 19:39:02] [DEBUG] [PROTOCOL] Received 244 bytes
[2026-01-26 19:39:02] [DEBUG] [PROTOCOL] Received 244 bytes
[2026-01-26 19:39:02] [DEBUG] [PROTOCOL] Received 244 bytes
[2026-01-26 19:39:02] [DEBUG] [PROTOCOL] Received 244 bytes
[2026-01-26 19:39:02] [DEBUG] [PROTOCOL] Received 244 bytes
[2026-01-26 19:39:02] [DEBUG] [PROTOCOL] Received 244 bytes
[2026-01-26 19:39:02] [DEBUG] [PROTOCOL] Received 244 bytes
[2026-01-26 19:39:02] [DEBUG] [PROTOCOL] Received 244 bytes
[2026-01-26 19:39:02] [DEBUG] [PROTOCOL] Received 244 bytes
[2026-01-26 19:39:02] [DEBUG] [PROTOCOL] Received 244 bytes
[2026-01-26 19:39:02] [DEBUG] [PROTOCOL] Received 244 bytes
[2026-01-26 19:39:02] [DEBUG] [PROTOCOL] Received 244 bytes
[2026-01-26 19:39:02] [DEBUG] [PROTOCOL] Received 244 bytes
[2026-01-26 19:39:02] [DEBUG] [PROTOCOL] Received 244 bytes
[2026-01-26 19:39:02] [DEBUG] [PROTOCOL] Received 244 bytes
[2026-01-26 19:39:02] [DEBUG] [PROTOCOL] Received 244 bytes
[2026-01-26 19:39:02] [DEBUG] [PROTOCOL] Received 244 bytes
[2026-01-26 19:39:02] [DEBUG] [PROTOCOL] Received 244 bytes
[2026-01-26 19:39:02] [DEBUG] [PROTOCOL] Received 244 bytes
[2026-01-26 19:39:02] [DEBUG] [PROTOCOL] Received 244 bytes
[2026-01-26 19:39:02] [DEBUG] [PROTOCOL] Received 244 bytes
[2026-01-26 19:39:02] [DEBUG] [PROTOCOL] Received 244 bytes
[2026-01-26 19:39:02] [DEBUG] [PROTOCOL] Received 244 bytes
[2026-01-26 19:39:02] [DEBUG] [PROTOCOL] Received 244 bytes
[2026-01-26 19:39:02] [DEBUG] [PROTOCOL] Received 244 bytes
[2026-01-26 19:39:02] [DEBUG] [PROTOCOL] Received 244 bytes
[2026-01-26 19:39:03] [DEBUG] [PROTOCOL] Received 244 bytes
[2026-01-26 19:39:03] [DEBUG] [PROTOCOL] Received 244 bytes
[2026-01-26 19:39:03] [DEBUG] [PROTOCOL] Received 244 bytes
[2026-01-26 19:39:03] [DEBUG] [PROTOCOL] Received 244 bytes
[2026-01-26 19:39:03] [DEBUG] [PROTOCOL] Received 244 bytes
[2026-01-26 19:39:03] [DEBUG] [PROTOCOL] Received 244 bytes
[2026-01-26 19:39:03] [DEBUG] [PROTOCOL] Received 244 bytes
[2026-01-26 19:39:03] [DEBUG] [PROTOCOL] Received 244 bytes
[2026-01-26 19:39:03] [DEBUG] [PROTOCOL] Received 244 bytes
[2026-01-26 19:39:03] [DEBUG] [PROTOCOL] Received 244 bytes
[2026-01-26 19:39:03] [DEBUG] [PROTOCOL] Received 244 bytes
[2026-01-26 19:39:03] [DEBUG] [PROTOCOL] Received 244 bytes
[2026-01-26 19:39:03] [DEBUG] [PROTOCOL] Received 244 bytes
[2026-01-26 19:39:03] [DEBUG] [PROTOCOL] Received 244 bytes
[2026-01-26 19:39:03] [DEBUG] [PROTOCOL] Received 244 bytes
[2026-01-26 19:39:03] [DEBUG] [PROTOCOL] Received 244 bytes
[2026-01-26 19:39:03] [DEBUG] [PROTOCOL] Received 244 bytes
[2026-01-26 19:39:03] [DEBUG] [PROTOCOL] Received 244 bytes
[2026-01-26 19:39:03] [DEBUG] [PROTOCOL] Received 244 bytes
[2026-01-26 19:39:03] [DEBUG] [PROTOCOL] Received 244 bytes
[2026-01-26 19:39:03] [DEBUG] [PROTOCOL] Received 244 bytes
[2026-01-26 19:39:03] [DEBUG] [PROTOCOL] Received 244 bytes
[2026-01-26 19:39:03] [DEBUG] [PROTOCOL] Received 244 bytes
[2026-01-26 19:39:03] [DEBUG] [PROTOCOL] Received 244 bytes
[2026-01-26 19:39:03] [DEBUG] [PROTOCOL] Received 244 bytes
[2026-01-26 19:39:03] [DEBUG] [PROTOCOL] Received 244 bytes
[2026-01-26 19:39:03] [DEBUG] [PROTOCOL] Received 244 bytes
[2026-01-26 19:39:03] [DEBUG] [PROTOCOL] Received 244 bytes
[2026-01-26 19:39:03] [DEBUG] [PROTOCOL] Received 244 bytes
[2026-01-26 19:39:03] [DEBUG] [PROTOCOL] Received 244 bytes
[2026-01-26 19:39:03] [DEBUG] [PROTOCOL] Received 244 bytes
[2026-01-26 19:39:03] [DEBUG] [PROTOCOL] Received 244 bytes
[2026-01-26 19:39:03] [DEBUG] [PROTOCOL] Received 244 bytes
[2026-01-26 19:39:03] [DEBUG] [PROTOCOL] Received 244 bytes
[2026-01-26 19:39:03] [DEBUG] [PROTOCOL] Received 244 bytes
[2026-01-26 19:39:03] [DEBUG] [PROTOCOL] Received 244 bytes
[2026-01-26 19:39:03] [DEBUG] [PROTOCOL] Received 244 bytes
[2026-01-26 19:39:04] [DEBUG] [PROTOCOL] Received 244 bytes
[2026-01-26 19:39:04] [DEBUG] [PROTOCOL] Received 244 bytes
[2026-01-26 19:39:04] [DEBUG] [PROTOCOL] Received 244 bytes
[2026-01-26 19:39:04] [DEBUG] [PROTOCOL] Received 244 bytes
[2026-01-26 19:39:04] [DEBUG] [PROTOCOL] Received 244 bytes
[2026-01-26 19:39:04] [DEBUG] [PROTOCOL] Received 244 bytes
[2026-01-26 19:39:04] [DEBUG] [PROTOCOL] Received 244 bytes
[2026-01-26 19:39:04] [DEBUG] [PROTOCOL] Received 244 bytes
[2026-01-26 19:39:04] [DEBUG] [PROTOCOL] Received 244 bytes
[2026-01-26 19:39:04] [DEBUG] [PROTOCOL] Received 244 bytes
[2026-01-26 19:39:04] [DEBUG] [PROTOCOL] Received 244 bytes
[2026-01-26 19:39:04] [DEBUG] [PROTOCOL] Received 244 bytes
[2026-01-26 19:39:04] [DEBUG] [PROTOCOL] Received 244 bytes
[2026-01-26 19:39:04] [DEBUG] [PROTOCOL] Received 244 bytes
[2026-01-26 19:39:04] [DEBUG] [PROTOCOL] Received 244 bytes
[2026-01-26 19:39:04] [DEBUG] [PROTOCOL] Received 244 bytes
[2026-01-26 19:39:04] [DEBUG] [PROTOCOL] Received 244 bytes
[2026-01-26 19:39:04] [DEBUG] [PROTOCOL] Received 244 bytes
[2026-01-26 19:39:04] [DEBUG] [PROTOCOL] Received 244 bytes
[2026-01-26 19:39:04] [DEBUG] [PROTOCOL] Received 244 bytes
[2026-01-26 19:39:04] [DEBUG] [PROTOCOL] Received 244 bytes
[2026-01-26 19:39:04] [DEBUG] [PROTOCOL] Received 244 bytes
[2026-01-26 19:39:04] [DEBUG] [PROTOCOL] Received 244 bytes
[2026-01-26 19:39:04] [DEBUG] [PROTOCOL] Received 244 bytes
[2026-01-26 19:39:04] [DEBUG] [PROTOCOL] Received 244 bytes
[2026-01-26 19:39:04] [DEBUG] [PROTOCOL] Received 244 bytes
[2026-01-26 19:39:04] [DEBUG] [PROTOCOL] Received 244 bytes
[2026-01-26 19:39:04] [DEBUG] [PROTOCOL] Received 244 bytes
[2026-01-26 19:39:04] [DEBUG] [PROTOCOL] Received 244 bytes
[2026-01-26 19:39:04] [DEBUG] [PROTOCOL] Received 244 bytes
[2026-01-26 19:39:04] [DEBUG] [PROTOCOL] Received 244 bytes
[2026-01-26 19:39:04] [DEBUG] [PROTOCOL] Received 244 bytes
[2026-01-26 19:39:04] [DEBUG] [PROTOCOL] Received 244 bytes
[2026-01-26 19:39:04] [DEBUG] [PROTOCOL] Received 244 bytes
[2026-01-26 19:39:04] [DEBUG] [PROTOCOL] Received 244 bytes
[2026-01-26 19:39:04] [DEBUG] [PROTOCOL] Received 244 bytes
[2026-01-26 19:39:04] [DEBUG] [PROTOCOL] Received 244 bytes
[2026-01-26 19:39:05] [DEBUG] [PROTOCOL] Received 244 bytes
[2026-01-26 19:39:05] [DEBUG] [PROTOCOL] Received 244 bytes
[2026-01-26 19:39:05] [DEBUG] [PROTOCOL] Received 244 bytes
[2026-01-26 19:39:05] [DEBUG] [PROTOCOL] Received 244 bytes
[2026-01-26 19:39:05] [DEBUG] [PROTOCOL] Received 244 bytes
[2026-01-26 19:39:05] [DEBUG] [PROTOCOL] Received 244 bytes
[2026-01-26 19:39:05] [DEBUG] [PROTOCOL] Received 244 bytes
[2026-01-26 19:39:05] [DEBUG] [PROTOCOL] Received 244 bytes
[2026-01-26 19:39:05] [DEBUG] [PROTOCOL] Received 244 bytes
[2026-01-26 19:39:05] [DEBUG] [PROTOCOL] Received 244 bytes
[2026-01-26 19:39:05] [DEBUG] [PROTOCOL] Received 244 bytes
[2026-01-26 19:39:05] [DEBUG] [PROTOCOL] Received 244 bytes
[2026-01-26 19:39:05] [DEBUG] [PROTOCOL] Received 244 bytes
[2026-01-26 19:39:05] [DEBUG] [PROTOCOL] Received 244 bytes
[2026-01-26 19:39:05] [DEBUG] [PROTOCOL] Received 244 bytes
[2026-01-26 19:39:05] [DEBUG] [PROTOCOL] Received 244 bytes
[2026-01-26 19:39:05] [DEBUG] [PROTOCOL] Received 244 bytes
[2026-01-26 19:39:05] [DEBUG] [PROTOCOL] Received 244 bytes
[2026-01-26 19:39:05] [DEBUG] [PROTOCOL] Received 244 bytes
[2026-01-26 19:39:05] [DEBUG] [PROTOCOL] Received 244 bytes
[2026-01-26 19:39:05] [DEBUG] [PROTOCOL] Received 244 bytes
[2026-01-26 19:39:05] [DEBUG] [PROTOCOL] Received 244 bytes
[2026-01-26 19:39:05] [DEBUG] [PROTOCOL] Received 244 bytes
[2026-01-26 19:39:05] [DEBUG] [PROTOCOL] Received 244 bytes
[2026-01-26 19:39:05] [DEBUG] [PROTOCOL] Received 244 bytes
[2026-01-26 19:39:05] [DEBUG] [PROTOCOL] Received 244 bytes
[2026-01-26 19:39:05] [DEBUG] [PROTOCOL] Received 244 bytes
[2026-01-26 19:39:05] [DEBUG] [PROTOCOL] Received 244 bytes
[2026-01-26 19:39:05] [DEBUG] [PROTOCOL] Received 244 bytes
[2026-01-26 19:39:05] [DEBUG] [PROTOCOL] Received 244 bytes
[2026-01-26 19:39:05] [DEBUG] [PROTOCOL] Received 244 bytes
[2026-01-26 19:39:05] [DEBUG] [PROTOCOL] Received 244 bytes
[2026-01-26 19:39:05] [DEBUG] [PROTOCOL] Received 244 bytes
[2026-01-26 19:39:05] [DEBUG] [PROTOCOL] Received 244 bytes
[2026-01-26 19:39:05] [DEBUG] [PROTOCOL] Received 244 bytes
[2026-01-26 19:39:05] [DEBUG] [PROTOCOL] Received 244 bytes
[2026-01-26 19:39:05] [DEBUG] [PROTOCOL] Received 244 bytes
[2026-01-26 19:39:06] [DEBUG] [PROTOCOL] Received 244 bytes
[2026-01-26 19:39:06] [DEBUG] [PROTOCOL] Received 244 bytes
[2026-01-26 19:39:06] [DEBUG] [PROTOCOL] Received 244 bytes
[2026-01-26 19:39:06] [DEBUG] [PROTOCOL] Received 244 bytes
[2026-01-26 19:39:06] [DEBUG] [PROTOCOL] Received 244 bytes
[2026-01-26 19:39:06] [DEBUG] [PROTOCOL] Received 244 bytes
[2026-01-26 19:39:06] [DEBUG] [PROTOCOL] Received 244 bytes
[2026-01-26 19:39:06] [DEBUG] [PROTOCOL] Received 244 bytes
[2026-01-26 19:39:06] [DEBUG] [PROTOCOL] Received 244 bytes
[2026-01-26 19:39:06] [DEBUG] [PROTOCOL] Received 244 bytes
[2026-01-26 19:39:06] [DEBUG] [PROTOCOL] Received 244 bytes
[2026-01-26 19:39:06] [DEBUG] [PROTOCOL] Received 244 bytes
[2026-01-26 19:39:06] [DEBUG] [PROTOCOL] Received 244 bytes
[2026-01-26 19:39:06] [DEBUG] [PROTOCOL] Received 244 bytes
[2026-01-26 19:39:06] [DEBUG] [PROTOCOL] Received 244 bytes
[2026-01-26 19:39:06] [DEBUG] [PROTOCOL] Received 244 bytes
[2026-01-26 19:39:06] [DEBUG] [PROTOCOL] Received 244 bytes
[2026-01-26 19:39:06] [DEBUG] [PROTOCOL] Received 244 bytes
[2026-01-26 19:39:06] [DEBUG] [PROTOCOL] Received 244 bytes
[2026-01-26 19:39:06] [DEBUG] [PROTOCOL] Received 244 bytes
[2026-01-26 19:39:06] [DEBUG] [PROTOCOL] Received 244 bytes
[2026-01-26 19:39:06] [DEBUG] [PROTOCOL] Received 244 bytes
[2026-01-26 19:39:06] [DEBUG] [PROTOCOL] Received 244 bytes
[2026-01-26 19:39:06] [DEBUG] [PROTOCOL] Received 244 bytes
[2026-01-26 19:39:06] [DEBUG] [PROTOCOL] Received 244 bytes
[2026-01-26 19:39:06] [DEBUG] [PROTOCOL] Received 244 bytes
[2026-01-26 19:39:06] [DEBUG] [PROTOCOL] Received 244 bytes
[2026-01-26 19:39:06] [DEBUG] [PROTOCOL] Received 244 bytes
[2026-01-26 19:39:06] [DEBUG] [PROTOCOL] Received 244 bytes
[2026-01-26 19:39:06] [DEBUG] [PROTOCOL] Received 244 bytes
[2026-01-26 19:39:06] [DEBUG] [PROTOCOL] Received 244 bytes
[2026-01-26 19:39:06] [DEBUG] [PROTOCOL] Received 244 bytes
[2026-01-26 19:39:06] [DEBUG] [PROTOCOL] Received 244 bytes
[2026-01-26 19:39:06] [DEBUG] [PROTOCOL] Received 244 bytes
[2026-01-26 19:39:06] [DEBUG] [PROTOCOL] Received 244 bytes
[2026-01-26 19:39:06] [DEBUG] [PROTOCOL] Received 244 bytes
[2026-01-26 19:39:06] [DEBUG] [PROTOCOL] Received 244 bytes
[2026-01-26 19:39:07] [DEBUG] [PROTOCOL] Received 244 bytes
[2026-01-26 19:39:07] [DEBUG] [PROTOCOL] Received 244 bytes
[2026-01-26 19:39:07] [DEBUG] [PROTOCOL] Received 244 bytes
[2026-01-26 19:39:07] [DEBUG] [PROTOCOL] Received 244 bytes
[2026-01-26 19:39:07] [DEBUG] [PROTOCOL] Received 244 bytes
[2026-01-26 19:39:07] [DEBUG] [PROTOCOL] Received 244 bytes
[2026-01-26 19:39:07] [DEBUG] [PROTOCOL] Received 244 bytes
[2026-01-26 19:39:07] [DEBUG] [PROTOCOL] Received 244 bytes
[2026-01-26 19:39:07] [DEBUG] [PROTOCOL] Received 244 bytes
[2026-01-26 19:39:07] [DEBUG] [PROTOCOL] Received 244 bytes
[2026-01-26 19:39:07] [DEBUG] [PROTOCOL] Received 244 bytes
[2026-01-26 19:39:07] [DEBUG] [PROTOCOL] Received 244 bytes
[2026-01-26 19:39:07] [DEBUG] [PROTOCOL] Received 244 bytes
[2026-01-26 19:39:07] [DEBUG] [PROTOCOL] Received 244 bytes
[2026-01-26 19:39:07] [DEBUG] [PROTOCOL] Received 244 bytes
[2026-01-26 19:39:07] [DEBUG] [PROTOCOL] Received 244 bytes
[2026-01-26 19:39:07] [DEBUG] [PROTOCOL] Received 244 bytes
[2026-01-26 19:39:07] [DEBUG] [PROTOCOL] Received 244 bytes
[2026-01-26 19:39:07] [DEBUG] [PROTOCOL] Received 244 bytes
[2026-01-26 19:39:07] [DEBUG] [PROTOCOL] Received 244 bytes
[2026-01-26 19:39:07] [DEBUG] [PROTOCOL] Received 244 bytes
[2026-01-26 19:39:07] [DEBUG] [PROTOCOL] Received 244 bytes
[2026-01-26 19:39:07] [DEBUG] [PROTOCOL] Received 244 bytes
[2026-01-26 19:39:07] [DEBUG] [PROTOCOL] Received 244 bytes
[2026-01-26 19:39:07] [DEBUG] [PROTOCOL] Received 244 bytes
[2026-01-26 19:39:07] [DEBUG] [PROTOCOL] Received 244 bytes
[2026-01-26 19:39:07] [DEBUG] [PROTOCOL] Received 244 bytes
[2026-01-26 19:39:07] [DEBUG] [PROTOCOL] Received 244 bytes
[2026-01-26 19:39:07] [DEBUG] [PROTOCOL] Received 244 bytes
[2026-01-26 19:39:07] [DEBUG] [PROTOCOL] Received 244 bytes
[2026-01-26 19:39:07] [DEBUG] [PROTOCOL] Received 244 bytes
[2026-01-26 19:39:07] [DEBUG] [PROTOCOL] Received 244 bytes
[2026-01-26 19:39:07] [DEBUG] [PROTOCOL] Received 244 bytes
[2026-01-26 19:39:07] [DEBUG] [PROTOCOL] Received 244 bytes
[2026-01-26 19:39:07] [DEBUG] [PROTOCOL] Received 244 bytes
[2026-01-26 19:39:07] [DEBUG] [PROTOCOL] Received 244 bytes
[2026-01-26 19:39:07] [DEBUG] [PROTOCOL] Received 244 bytes
[2026-01-26 19:39:08] [DEBUG] [PROTOCOL] Received 244 bytes
[2026-01-26 19:39:08] [DEBUG] [PROTOCOL] Received 244 bytes
[2026-01-26 19:39:08] [DEBUG] [PROTOCOL] Received 244 bytes
[2026-01-26 19:39:08] [DEBUG] [PROTOCOL] Received 244 bytes
[2026-01-26 19:39:08] [DEBUG] [PROTOCOL] Received 244 bytes
[2026-01-26 19:39:08] [DEBUG] [PROTOCOL] Received 244 bytes
[2026-01-26 19:39:08] [DEBUG] [PROTOCOL] Received 244 bytes
[2026-01-26 19:39:08] [DEBUG] [PROTOCOL] Received 244 bytes
[2026-01-26 19:39:08] [DEBUG] [PROTOCOL] Received 244 bytes
[2026-01-26 19:39:08] [DEBUG] [PROTOCOL] Received 244 bytes
[2026-01-26 19:39:08] [DEBUG] [PROTOCOL] Received 244 bytes
[2026-01-26 19:39:08] [DEBUG] [PROTOCOL] Received 244 bytes
[2026-01-26 19:39:08] [DEBUG] [PROTOCOL] Received 244 bytes
[2026-01-26 19:39:08] [DEBUG] [PROTOCOL] Received 244 bytes
[2026-01-26 19:39:08] [DEBUG] [PROTOCOL] Received 244 bytes
[2026-01-26 19:39:08] [DEBUG] [PROTOCOL] Received 244 bytes
[2026-01-26 19:39:08] [DEBUG] [PROTOCOL] Received 244 bytes
[2026-01-26 19:39:08] [DEBUG] [PROTOCOL] Received 244 bytes
[2026-01-26 19:39:08] [DEBUG] [PROTOCOL] Received 244 bytes
[2026-01-26 19:39:08] [DEBUG] [PROTOCOL] Received 244 bytes
[2026-01-26 19:39:08] [DEBUG] [PROTOCOL] Received 244 bytes
[2026-01-26 19:39:08] [DEBUG] [PROTOCOL] Received 244 bytes
[2026-01-26 19:39:08] [DEBUG] [PROTOCOL] Received 244 bytes
[2026-01-26 19:39:08] [DEBUG] [PROTOCOL] Received 244 bytes
[2026-01-26 19:39:08] [DEBUG] [PROTOCOL] Received 244 bytes
[2026-01-26 19:39:08] [DEBUG] [PROTOCOL] Received 244 bytes
[2026-01-26 19:39:08] [DEBUG] [PROTOCOL] Received 244 bytes
[2026-01-26 19:39:08] [DEBUG] [PROTOCOL] Received 244 bytes
[2026-01-26 19:39:08] [DEBUG] [PROTOCOL] Received 244 bytes
[2026-01-26 19:39:08] [DEBUG] [PROTOCOL] Received 244 bytes
[2026-01-26 19:39:08] [DEBUG] [PROTOCOL] Received 244 bytes
[2026-01-26 19:39:08] [DEBUG] [PROTOCOL] Received 244 bytes
[2026-01-26 19:39:08] [DEBUG] [PROTOCOL] Received 244 bytes
[2026-01-26 19:39:08] [DEBUG] [PROTOCOL] Received 244 bytes
[2026-01-26 19:39:08] [DEBUG] [PROTOCOL] Received 244 bytes
[2026-01-26 19:39:08] [DEBUG] [PROTOCOL] Received 244 bytes
[2026-01-26 19:39:08] [DEBUG] [PROTOCOL] Received 244 bytes
[2026-01-26 19:39:09] [DEBUG] [PROTOCOL] Received 244 bytes
[2026-01-26 19:39:09] [DEBUG] [PROTOCOL] Received 244 bytes
[2026-01-26 19:39:09] [DEBUG] [PROTOCOL] Received 244 bytes
[2026-01-26 19:39:09] [DEBUG] [PROTOCOL] Received 244 bytes
[2026-01-26 19:39:09] [DEBUG] [PROTOCOL] Received 244 bytes
[2026-01-26 19:39:09] [DEBUG] [PROTOCOL] Received 244 bytes
[2026-01-26 19:39:09] [DEBUG] [PROTOCOL] Received 244 bytes
[2026-01-26 19:39:09] [DEBUG] [PROTOCOL] Received 244 bytes
[2026-01-26 19:39:09] [DEBUG] [PROTOCOL] Received 244 bytes
[2026-01-26 19:39:09] [DEBUG] [PROTOCOL] Received 244 bytes
[2026-01-26 19:39:09] [DEBUG] [PROTOCOL] Received 244 bytes
[2026-01-26 19:39:09] [DEBUG] [PROTOCOL] Received 244 bytes
[2026-01-26 19:39:09] [DEBUG] [PROTOCOL] Received 244 bytes
[2026-01-26 19:39:09] [DEBUG] [PROTOCOL] Received 244 bytes
[2026-01-26 19:39:09] [DEBUG] [PROTOCOL] Received 244 bytes
[2026-01-26 19:39:09] [DEBUG] [PROTOCOL] Received 244 bytes
[2026-01-26 19:39:09] [DEBUG] [PROTOCOL] Received 244 bytes
[2026-01-26 19:39:09] [DEBUG] [PROTOCOL] Received 244 bytes
[2026-01-26 19:39:09] [DEBUG] [PROTOCOL] Received 244 bytes
[2026-01-26 19:39:09] [DEBUG] [PROTOCOL] Received 244 bytes
[2026-01-26 19:39:09] [DEBUG] [PROTOCOL] Received 244 bytes
[2026-01-26 19:39:09] [DEBUG] [PROTOCOL] Received 244 bytes
[2026-01-26 19:39:09] [DEBUG] [PROTOCOL] Received 244 bytes
[2026-01-26 19:39:09] [DEBUG] [PROTOCOL] Received 244 bytes
[2026-01-26 19:39:09] [DEBUG] [PROTOCOL] Received 244 bytes
[2026-01-26 19:39:09] [DEBUG] [PROTOCOL] Received 244 bytes
[2026-01-26 19:39:09] [DEBUG] [PROTOCOL] Received 244 bytes
[2026-01-26 19:39:09] [DEBUG] [PROTOCOL] Received 244 bytes
[2026-01-26 19:39:09] [DEBUG] [PROTOCOL] Received 244 bytes
[2026-01-26 19:39:09] [DEBUG] [PROTOCOL] Received 244 bytes
[2026-01-26 19:39:09] [DEBUG] [PROTOCOL] Received 244 bytes
[2026-01-26 19:39:09] [DEBUG] [PROTOCOL] Received 244 bytes
[2026-01-26 19:39:09] [DEBUG] [PROTOCOL] Received 244 bytes
[2026-01-26 19:39:09] [DEBUG] [PROTOCOL] Received 244 bytes
[2026-01-26 19:39:09] [DEBUG] [PROTOCOL] Received 244 bytes
[2026-01-26 19:39:09] [DEBUG] [PROTOCOL] Received 244 bytes
[2026-01-26 19:39:09] [DEBUG] [PROTOCOL] Received 244 bytes
[2026-01-26 19:39:10] [DEBUG] [PROTOCOL] Received 244 bytes
[2026-01-26 19:39:10] [DEBUG] [PROTOCOL] Received 244 bytes
[2026-01-26 19:39:10] [DEBUG] [PROTOCOL] Received 244 bytes
[2026-01-26 19:39:10] [DEBUG] [PROTOCOL] Received 244 bytes
[2026-01-26 19:39:10] [DEBUG] [PROTOCOL] Received 244 bytes
[2026-01-26 19:39:10] [DEBUG] [PROTOCOL] Received 244 bytes
[2026-01-26 19:39:10] [DEBUG] [PROTOCOL] Received 244 bytes
[2026-01-26 19:39:10] [DEBUG] [PROTOCOL] Received 244 bytes
[2026-01-26 19:39:10] [DEBUG] [PROTOCOL] Received 244 bytes
[2026-01-26 19:39:10] [DEBUG] [PROTOCOL] Received 244 bytes
[2026-01-26 19:39:10] [DEBUG] [PROTOCOL] Received 244 bytes
[2026-01-26 19:39:10] [DEBUG] [PROTOCOL] Received 244 bytes
[2026-01-26 19:39:10] [DEBUG] [PROTOCOL] Received 244 bytes
[2026-01-26 19:39:10] [DEBUG] [PROTOCOL] Received 244 bytes
[2026-01-26 19:39:10] [DEBUG] [PROTOCOL] Received 244 bytes
[2026-01-26 19:39:10] [DEBUG] [PROTOCOL] Received 244 bytes
[2026-01-26 19:39:10] [DEBUG] [PROTOCOL] Received 244 bytes
[2026-01-26 19:39:10] [DEBUG] [PROTOCOL] Received 244 bytes
[2026-01-26 19:39:10] [DEBUG] [PROTOCOL] Received 244 bytes
[2026-01-26 19:39:10] [DEBUG] [PROTOCOL] Received 244 bytes
[2026-01-26 19:39:10] [DEBUG] [PROTOCOL] Received 244 bytes
[2026-01-26 19:39:10] [DEBUG] [PROTOCOL] Received 244 bytes
[2026-01-26 19:39:10] [DEBUG] [PROTOCOL] Received 244 bytes
[2026-01-26 19:39:10] [DEBUG] [PROTOCOL] Received 244 bytes
[2026-01-26 19:39:10] [DEBUG] [PROTOCOL] Received 244 bytes
[2026-01-26 19:39:10] [DEBUG] [PROTOCOL] Received 244 bytes
[2026-01-26 19:39:10] [DEBUG] [PROTOCOL] Received 244 bytes
[2026-01-26 19:39:10] [DEBUG] [PROTOCOL] Received 244 bytes
[2026-01-26 19:39:10] [DEBUG] [PROTOCOL] Received 244 bytes
[2026-01-26 19:39:10] [DEBUG] [PROTOCOL] Received 244 bytes
[2026-01-26 19:39:10] [DEBUG] [PROTOCOL] Received 244 bytes
[2026-01-26 19:39:10] [DEBUG] [PROTOCOL] Received 244 bytes
[2026-01-26 19:39:10] [DEBUG] [PROTOCOL] Received 244 bytes
[2026-01-26 19:39:10] [DEBUG] [PROTOCOL] Received 244 bytes
[2026-01-26 19:39:10] [DEBUG] [PROTOCOL] Received 244 bytes
[2026-01-26 19:39:10] [DEBUG] [PROTOCOL] Received 244 bytes
[2026-01-26 19:39:11] [DEBUG] [PROTOCOL] Received 244 bytes
[2026-01-26 19:39:11] [DEBUG] [PROTOCOL] Received 244 bytes
[2026-01-26 19:39:11] [DEBUG] [PROTOCOL] Received 244 bytes
[2026-01-26 19:39:11] [DEBUG] [PROTOCOL] Received 244 bytes
[2026-01-26 19:39:11] [DEBUG] [PROTOCOL] Received 244 bytes
[2026-01-26 19:39:11] [DEBUG] [PROTOCOL] Received 244 bytes
[2026-01-26 19:39:11] [DEBUG] [PROTOCOL] Received 244 bytes
[2026-01-26 19:39:11] [DEBUG] [PROTOCOL] Received 244 bytes
[2026-01-26 19:39:11] [DEBUG] [PROTOCOL] Received 244 bytes
[2026-01-26 19:39:11] [DEBUG] [PROTOCOL] Received 244 bytes
[2026-01-26 19:39:11] [DEBUG] [PROTOCOL] Received 244 bytes
[2026-01-26 19:39:11] [DEBUG] [PROTOCOL] Received 244 bytes
[2026-01-26 19:39:11] [DEBUG] [PROTOCOL] Received 244 bytes
[2026-01-26 19:39:11] [DEBUG] [PROTOCOL] Received 244 bytes
[2026-01-26 19:39:11] [DEBUG] [PROTOCOL] Received 244 bytes
[2026-01-26 19:39:11] [DEBUG] [PROTOCOL] Received 244 bytes
[2026-01-26 19:39:11] [DEBUG] [PROTOCOL] Received 244 bytes
[2026-01-26 19:39:11] [DEBUG] [PROTOCOL] Received 244 bytes
[2026-01-26 19:39:11] [DEBUG] [PROTOCOL] Received 244 bytes
[2026-01-26 19:39:11] [DEBUG] [PROTOCOL] Received 244 bytes
[2026-01-26 19:39:11] [DEBUG] [PROTOCOL] Received 244 bytes
[2026-01-26 19:39:11] [DEBUG] [PROTOCOL] Received 244 bytes
[2026-01-26 19:39:11] [DEBUG] [PROTOCOL] Received 244 bytes
[2026-01-26 19:39:11] [DEBUG] [PROTOCOL] Received 244 bytes
[2026-01-26 19:39:11] [DEBUG] [PROTOCOL] Received 244 bytes
[2026-01-26 19:39:11] [DEBUG] [PROTOCOL] Received 244 bytes
[2026-01-26 19:39:11] [DEBUG] [PROTOCOL] Received 244 bytes
[2026-01-26 19:39:11] [DEBUG] [PROTOCOL] Received 244 bytes
[2026-01-26 19:39:11] [DEBUG] [PROTOCOL] Received 244 bytes
[2026-01-26 19:39:11] [DEBUG] [PROTOCOL] Received 244 bytes
[2026-01-26 19:39:11] [DEBUG] [PROTOCOL] Received 244 bytes
[2026-01-26 19:39:11] [DEBUG] [PROTOCOL] Received 244 bytes
[2026-01-26 19:39:11] [DEBUG] [PROTOCOL] Received 244 bytes
[2026-01-26 19:39:11] [DEBUG] [PROTOCOL] Received 244 bytes
[2026-01-26 19:39:11] [DEBUG] [PROTOCOL] Received 244 bytes
[2026-01-26 19:39:11] [DEBUG] [PROTOCOL] Received 244 bytes
[2026-01-26 19:39:11] [DEBUG] [PROTOCOL] Received 244 bytes
[2026-01-26 19:39:12] [DEBUG] [PROTOCOL] Received 244 bytes
[2026-01-26 19:39:12] [DEBUG] [PROTOCOL] Received 244 bytes
[2026-01-26 19:39:12] [DEBUG] [PROTOCOL] Received 244 bytes
[2026-01-26 19:39:12] [DEBUG] [PROTOCOL] Received 244 bytes
[2026-01-26 19:39:12] [DEBUG] [PROTOCOL] Received 244 bytes
[2026-01-26 19:39:12] [DEBUG] [PROTOCOL] Received 244 bytes
[2026-01-26 19:39:12] [DEBUG] [PROTOCOL] Received 244 bytes
[2026-01-26 19:39:12] [DEBUG] [PROTOCOL] Received 244 bytes
[2026-01-26 19:39:12] [DEBUG] [PROTOCOL] Received 244 bytes
[2026-01-26 19:39:12] [DEBUG] [PROTOCOL] Received 244 bytes
[2026-01-26 19:39:12] [DEBUG] [PROTOCOL] Received 244 bytes
[2026-01-26 19:39:12] [DEBUG] [PROTOCOL] Received 244 bytes
[2026-01-26 19:39:12] [DEBUG] [PROTOCOL] Received 244 bytes
[2026-01-26 19:39:12] [DEBUG] [PROTOCOL] Received 244 bytes
[2026-01-26 19:39:12] [DEBUG] [PROTOCOL] Received 244 bytes
[2026-01-26 19:39:12] [DEBUG] [PROTOCOL] Received 244 bytes
[2026-01-26 19:39:12] [DEBUG] [PROTOCOL] Received 244 bytes
[2026-01-26 19:39:12] [DEBUG] [PROTOCOL] Received 244 bytes
[2026-01-26 19:39:12] [DEBUG] [PROTOCOL] Received 244 bytes
[2026-01-26 19:39:12] [DEBUG] [PROTOCOL] Received 244 bytes
[2026-01-26 19:39:12] [DEBUG] [PROTOCOL] Received 244 bytes
[2026-01-26 19:39:12] [DEBUG] [PROTOCOL] Received 244 bytes
[2026-01-26 19:39:12] [DEBUG] [PROTOCOL] Received 244 bytes
[2026-01-26 19:39:12] [DEBUG] [PROTOCOL] Received 244 bytes
[2026-01-26 19:39:12] [DEBUG] [PROTOCOL] Received 244 bytes
[2026-01-26 19:39:12] [DEBUG] [PROTOCOL] Received 244 bytes
[2026-01-26 19:39:12] [DEBUG] [PROTOCOL] Received 244 bytes
[2026-01-26 19:39:12] [DEBUG] [PROTOCOL] Received 244 bytes
[2026-01-26 19:39:12] [DEBUG] [PROTOCOL] Received 244 bytes
[2026-01-26 19:39:12] [DEBUG] [PROTOCOL] Received 244 bytes
[2026-01-26 19:39:12] [DEBUG] [PROTOCOL] Received 244 bytes
[2026-01-26 19:39:12] [DEBUG] [PROTOCOL] Received 244 bytes
[2026-01-26 19:39:12] [DEBUG] [PROTOCOL] Received 244 bytes
[2026-01-26 19:39:12] [DEBUG] [PROTOCOL] Received 244 bytes
[2026-01-26 19:39:12] [DEBUG] [PROTOCOL] Received 244 bytes
[2026-01-26 19:39:12] [DEBUG] [PROTOCOL] Received 244 bytes
[2026-01-26 19:39:12] [DEBUG] [PROTOCOL] Received 244 bytes
[2026-01-26 19:39:13] [DEBUG] [PROTOCOL] Received 244 bytes
[2026-01-26 19:39:13] [DEBUG] [PROTOCOL] Received 244 bytes
[2026-01-26 19:39:13] [DEBUG] [PROTOCOL] Received 244 bytes
[2026-01-26 19:39:13] [DEBUG] [PROTOCOL] Received 244 bytes
[2026-01-26 19:39:13] [DEBUG] [PROTOCOL] Received 244 bytes
[2026-01-26 19:39:13] [DEBUG] [PROTOCOL] Received 244 bytes
[2026-01-26 19:39:13] [DEBUG] [PROTOCOL] Received 244 bytes
[2026-01-26 19:39:13] [DEBUG] [PROTOCOL] Received 244 bytes
[2026-01-26 19:39:13] [DEBUG] [PROTOCOL] Received 244 bytes
[2026-01-26 19:39:13] [DEBUG] [PROTOCOL] Received 244 bytes
[2026-01-26 19:39:13] [DEBUG] [PROTOCOL] Received 244 bytes
[2026-01-26 19:39:13] [DEBUG] [PROTOCOL] Received 244 bytes
[2026-01-26 19:39:13] [DEBUG] [PROTOCOL] Received 244 bytes
[2026-01-26 19:39:13] [DEBUG] [PROTOCOL] Received 244 bytes
[2026-01-26 19:39:13] [DEBUG] [PROTOCOL] Received 244 bytes
[2026-01-26 19:39:13] [DEBUG] [PROTOCOL] Received 244 bytes
[2026-01-26 19:39:13] [DEBUG] [PROTOCOL] Received 244 bytes
[2026-01-26 19:39:13] [DEBUG] [PROTOCOL] Received 244 bytes
[2026-01-26 19:39:13] [DEBUG] [PROTOCOL] Received 244 bytes
[2026-01-26 19:39:13] [DEBUG] [PROTOCOL] Received 244 bytes
[2026-01-26 19:39:13] [DEBUG] [PROTOCOL] Received 244 bytes
[2026-01-26 19:39:13] [DEBUG] [PROTOCOL] Received 244 bytes
[2026-01-26 19:39:13] [DEBUG] [PROTOCOL] Received 244 bytes
[2026-01-26 19:39:13] [DEBUG] [PROTOCOL] Received 244 bytes
[2026-01-26 19:39:13] [DEBUG] [PROTOCOL] Received 244 bytes
[2026-01-26 19:39:13] [DEBUG] [PROTOCOL] Received 244 bytes
[2026-01-26 19:39:13] [DEBUG] [PROTOCOL] Received 244 bytes
[2026-01-26 19:39:13] [DEBUG] [PROTOCOL] Received 244 bytes
[2026-01-26 19:39:13] [DEBUG] [PROTOCOL] Received 244 bytes
[2026-01-26 19:39:13] [DEBUG] [PROTOCOL] Received 244 bytes
[2026-01-26 19:39:13] [DEBUG] [PROTOCOL] Received 244 bytes
[2026-01-26 19:39:13] [DEBUG] [PROTOCOL] Received 244 bytes
[2026-01-26 19:39:13] [DEBUG] [PROTOCOL] Received 244 bytes
[2026-01-26 19:39:13] [DEBUG] [PROTOCOL] Received 244 bytes
[2026-01-26 19:39:13] [DEBUG] [PROTOCOL] Received 244 bytes
[2026-01-26 19:39:13] [DEBUG] [PROTOCOL] Received 244 bytes
[2026-01-26 19:39:13] [DEBUG] [PROTOCOL] Received 244 bytes
[2026-01-26 19:39:14] [DEBUG] [PROTOCOL] Received 244 bytes
[2026-01-26 19:39:14] [DEBUG] [PROTOCOL] Received 244 bytes
[2026-01-26 19:39:14] [DEBUG] [PROTOCOL] Received 244 bytes
[2026-01-26 19:39:14] [DEBUG] [PROTOCOL] Received 244 bytes
[2026-01-26 19:39:14] [DEBUG] [PROTOCOL] Received 244 bytes
[2026-01-26 19:39:14] [DEBUG] [PROTOCOL] Received 244 bytes
[2026-01-26 19:39:14] [DEBUG] [PROTOCOL] Received 244 bytes
[2026-01-26 19:39:14] [DEBUG] [PROTOCOL] Received 244 bytes
[2026-01-26 19:39:14] [DEBUG] [PROTOCOL] Received 244 bytes
[2026-01-26 19:39:14] [DEBUG] [PROTOCOL] Received 244 bytes
[2026-01-26 19:39:14] [DEBUG] [PROTOCOL] Received 244 bytes
[2026-01-26 19:39:14] [DEBUG] [PROTOCOL] Received 244 bytes
[2026-01-26 19:39:14] [DEBUG] [PROTOCOL] Received 244 bytes
[2026-01-26 19:39:14] [DEBUG] [PROTOCOL] Received 244 bytes
[2026-01-26 19:39:14] [DEBUG] [PROTOCOL] Received 244 bytes
[2026-01-26 19:39:14] [DEBUG] [PROTOCOL] Received 244 bytes
[2026-01-26 19:39:14] [DEBUG] [PROTOCOL] Received 244 bytes
[2026-01-26 19:39:14] [INFO] [GENERAL] MDP SDK Unloading
[2026-01-26 19:41:20] [INFO] [GENERAL] MDP SDK Loaded
[2026-01-26 19:41:43] [DEBUG] [PROTOCOL] Built command packet: type=0x16
[2026-01-26 19:41:43] [DEBUG] [PROTOCOL] Built command packet: type=0x18
[2026-01-26 19:41:43] [DEBUG] [PROTOCOL] Received 244 bytes
[2026-01-26 19:41:43] [DEBUG] [PROTOCOL] Received 244 bytes
[2026-01-26 19:41:44] [DEBUG] [PROTOCOL] Received 244 bytes
[2026-01-26 19:41:44] [DEBUG] [PROTOCOL] Received 244 bytes
[2026-01-26 19:41:44] [DEBUG] [PROTOCOL] Received 244 bytes
[2026-01-26 19:41:44] [DEBUG] [PROTOCOL] Received 244 bytes
[2026-01-26 19:41:44] [DEBUG] [PROTOCOL] Received 244 bytes
[2026-01-26 19:41:44] [DEBUG] [PROTOCOL] Received 244 bytes
[2026-01-26 19:41:44] [DEBUG] [PROTOCOL] Received 244 bytes
[2026-01-26 19:41:44] [DEBUG] [PROTOCOL] Received 244 bytes
[2026-01-26 19:41:44] [DEBUG] [PROTOCOL] Received 244 bytes
[2026-01-26 19:41:44] [DEBUG] [PROTOCOL] Received 244 bytes
[2026-01-26 19:41:44] [DEBUG] [PROTOCOL] Received 244 bytes
[2026-01-26 19:41:44] [DEBUG] [PROTOCOL] Received 244 bytes
[2026-01-26 19:41:44] [DEBUG] [PROTOCOL] Received 244 bytes
[2026-01-26 19:41:44] [DEBUG] [PROTOCOL] Received 244 bytes
[2026-01-26 19:41:44] [DEBUG] [PROTOCOL] Received 244 bytes
[2026-01-26 19:41:44] [DEBUG] [PROTOCOL] Received 244 bytes
[2026-01-26 19:41:44] [DEBUG] [PROTOCOL] Received 244 bytes
[2026-01-26 19:41:44] [DEBUG] [PROTOCOL] Received 244 bytes
[2026-01-26 19:41:44] [DEBUG] [PROTOCOL] Received 244 bytes
[2026-01-26 19:41:44] [DEBUG] [PROTOCOL] Received 244 bytes
[2026-01-26 19:41:44] [DEBUG] [PROTOCOL] Received 244 bytes
[2026-01-26 19:41:44] [DEBUG] [PROTOCOL] Received 244 bytes
[2026-01-26 19:41:44] [DEBUG] [PROTOCOL] Received 244 bytes
[2026-01-26 19:41:44] [DEBUG] [PROTOCOL] Received 244 bytes
[2026-01-26 19:41:44] [DEBUG] [PROTOCOL] Received 244 bytes
[2026-01-26 19:41:44] [DEBUG] [PROTOCOL] Received 244 bytes
[2026-01-26 19:41:44] [DEBUG] [PROTOCOL] Received 244 bytes
[2026-01-26 19:41:44] [DEBUG] [PROTOCOL] Received 244 bytes
[2026-01-26 19:41:44] [DEBUG] [PROTOCOL] Received 244 bytes
[2026-01-26 19:41:44] [DEBUG] [PROTOCOL] Received 244 bytes
[2026-01-26 19:41:44] [DEBUG] [PROTOCOL] Received 244 bytes
[2026-01-26 19:41:44] [DEBUG] [PROTOCOL] Received 244 bytes
[2026-01-26 19:41:44] [DEBUG] [PROTOCOL] Received 244 bytes
[2026-01-26 19:41:44] [DEBUG] [PROTOCOL] Received 244 bytes
[2026-01-26 19:41:44] [DEBUG] [PROTOCOL] Received 244 bytes
[2026-01-26 19:41:44] [DEBUG] [PROTOCOL] Received 244 bytes
[2026-01-26 19:41:44] [DEBUG] [PROTOCOL] Received 244 bytes
[2026-01-26 19:41:45] [DEBUG] [PROTOCOL] Received 244 bytes
[2026-01-26 19:41:45] [DEBUG] [PROTOCOL] Received 244 bytes
[2026-01-26 19:41:45] [DEBUG] [PROTOCOL] Received 244 bytes
[2026-01-26 19:41:45] [DEBUG] [PROTOCOL] Received 244 bytes
[2026-01-26 19:41:45] [DEBUG] [PROTOCOL] Received 244 bytes
[2026-01-26 19:41:45] [DEBUG] [PROTOCOL] Received 244 bytes
[2026-01-26 19:41:45] [DEBUG] [PROTOCOL] Received 244 bytes
[2026-01-26 19:41:45] [INFO] [GENERAL] Switched to IMPEDANCE mode: ring buffer (latest data only)
[2026-01-26 19:41:45] [DEBUG] [PROTOCOL] Built command packet: type=0x17
[2026-01-26 19:41:45] [DEBUG] [PROTOCOL] Received 244 bytes
[2026-01-26 19:41:45] [DEBUG] [PROTOCOL] Impedance: processed 6 packets
[2026-01-26 19:41:45] [INFO] [GENERAL] Insufficient data for impedance calculation
[2026-01-26 19:41:45] [INFO] [GENERAL] Window fill: 6/32
[2026-01-26 19:41:45] [DEBUG] [PROTOCOL] Built command packet: type=0x18
[2026-01-26 19:41:45] [DEBUG] [PROTOCOL] Received 244 bytes
[2026-01-26 19:41:45] [DEBUG] [PROTOCOL] Received 244 bytes
[2026-01-26 19:41:45] [DEBUG] [PROTOCOL] Received 244 bytes
[2026-01-26 19:41:45] [DEBUG] [PROTOCOL] Received 244 bytes
[2026-01-26 19:41:45] [DEBUG] [PROTOCOL] Received 244 bytes
[2026-01-26 19:41:45] [DEBUG] [PROTOCOL] Received 244 bytes
[2026-01-26 19:41:45] [DEBUG] [PROTOCOL] Received 244 bytes
[2026-01-26 19:41:45] [DEBUG] [PROTOCOL] Received 244 bytes
[2026-01-26 19:41:45] [DEBUG] [PROTOCOL] Received 244 bytes
[2026-01-26 19:41:45] [DEBUG] [PROTOCOL] Received 244 bytes
[2026-01-26 19:41:45] [DEBUG] [PROTOCOL] Received 244 bytes
[2026-01-26 19:41:45] [DEBUG] [PROTOCOL] Received 244 bytes
[2026-01-26 19:41:45] [DEBUG] [PROTOCOL] Received 244 bytes
[2026-01-26 19:41:45] [DEBUG] [PROTOCOL] Received 244 bytes
[2026-01-26 19:41:45] [DEBUG] [PROTOCOL] Received 244 bytes
[2026-01-26 19:41:45] [DEBUG] [PROTOCOL] Received 244 bytes
[2026-01-26 19:41:45] [DEBUG] [PROTOCOL] Received 244 bytes
[2026-01-26 19:41:45] [DEBUG] [PROTOCOL] Received 244 bytes
[2026-01-26 19:41:45] [DEBUG] [PROTOCOL] Received 244 bytes
[2026-01-26 19:41:45] [DEBUG] [PROTOCOL] Received 244 bytes
[2026-01-26 19:41:45] [DEBUG] [PROTOCOL] Received 244 bytes
[2026-01-26 19:41:45] [DEBUG] [PROTOCOL] Received 244 bytes
[2026-01-26 19:41:45] [DEBUG] [PROTOCOL] Received 244 bytes
[2026-01-26 19:41:45] [DEBUG] [PROTOCOL] Received 244 bytes
[2026-01-26 19:41:45] [DEBUG] [PROTOCOL] Received 244 bytes
[2026-01-26 19:41:45] [DEBUG] [PROTOCOL] Received 244 bytes
[2026-01-26 19:41:45] [DEBUG] [PROTOCOL] Received 244 bytes
[2026-01-26 19:41:45] [DEBUG] [PROTOCOL] Built command packet: type=0x17
[2026-01-26 19:41:45] [DEBUG] [PROTOCOL] Impedance: processed 100 packets
[2026-01-26 19:41:45] [INFO] [GENERAL] Real-time impedance calculated successfully
[2026-01-26 19:41:45] [DEBUG] [GENERAL] REF: 3283.311035 Ω, GND: 2970.614990 Ω
[2026-01-26 19:41:45] [DEBUG] [GENERAL] CH0: 611.840149 Ω
[2026-01-26 19:41:45] [DEBUG] [GENERAL] CH1: 786.453430 Ω
[2026-01-26 19:41:45] [DEBUG] [GENERAL] CH2: 1261.691895 Ω
[2026-01-26 19:41:45] [DEBUG] [GENERAL] CH3: 1686.854004 Ω
[2026-01-26 19:41:45] [DEBUG] [GENERAL] CH4: 3098.938721 Ω
[2026-01-26 19:41:45] [DEBUG] [GENERAL] CH5: 4760.859375 Ω
[2026-01-26 19:41:45] [DEBUG] [GENERAL] CH6: 8352.057617 Ω
[2026-01-26 19:41:45] [DEBUG] [GENERAL] CH7: 4457.009277 Ω
[2026-01-26 19:41:45] [DEBUG] [PROTOCOL] Built command packet: type=0x18
[2026-01-26 19:41:45] [DEBUG] [PROTOCOL] Received 244 bytes
[2026-01-26 19:41:46] [DEBUG] [PROTOCOL] Received 232 bytes
[2026-01-26 19:41:46] [DEBUG] [PROTOCOL] Received 244 bytes
[2026-01-26 19:41:46] [DEBUG] [PROTOCOL] Received 244 bytes
[2026-01-26 19:41:46] [DEBUG] [PROTOCOL] Received 244 bytes
[2026-01-26 19:41:46] [DEBUG] [PROTOCOL] Received 244 bytes
[2026-01-26 19:41:46] [DEBUG] [PROTOCOL] Received 244 bytes
[2026-01-26 19:41:46] [DEBUG] [PROTOCOL] Received 244 bytes
[2026-01-26 19:41:46] [DEBUG] [PROTOCOL] Received 244 bytes
[2026-01-26 19:41:46] [DEBUG] [PROTOCOL] Received 244 bytes
[2026-01-26 19:41:46] [DEBUG] [PROTOCOL] Received 244 bytes
[2026-01-26 19:41:46] [DEBUG] [PROTOCOL] Received 244 bytes
[2026-01-26 19:41:46] [DEBUG] [PROTOCOL] Received 244 bytes
[2026-01-26 19:41:46] [DEBUG] [PROTOCOL] Received 244 bytes
[2026-01-26 19:41:46] [DEBUG] [PROTOCOL] Received 244 bytes
[2026-01-26 19:41:46] [DEBUG] [PROTOCOL] Received 244 bytes
[2026-01-26 19:41:46] [DEBUG] [PROTOCOL] Built command packet: type=0x17
[2026-01-26 19:41:46] [DEBUG] [PROTOCOL] Impedance: processed 100 packets
[2026-01-26 19:41:46] [INFO] [GENERAL] Real-time impedance calculated successfully
[2026-01-26 19:41:46] [DEBUG] [GENERAL] REF: 34230108.000000 Ω, GND: 30970098.000000 Ω
[2026-01-26 19:41:46] [DEBUG] [GENERAL] CH0: 1696427.125000 Ω
[2026-01-26 19:41:46] [DEBUG] [GENERAL] CH1: 1513460.250000 Ω
[2026-01-26 19:41:46] [DEBUG] [GENERAL] CH2: 1599989.125000 Ω
[2026-01-26 19:41:46] [DEBUG] [GENERAL] CH3: 1990748.750000 Ω
[2026-01-26 19:41:46] [DEBUG] [GENERAL] CH4: 6283610.000000 Ω
[2026-01-26 19:41:46] [DEBUG] [GENERAL] CH5: 10760009.000000 Ω
[2026-01-26 19:41:46] [DEBUG] [GENERAL] CH6: 32600104.000000 Ω
[2026-01-26 19:41:46] [DEBUG] [GENERAL] CH7: 7680358.500000 Ω
[2026-01-26 19:41:46] [DEBUG] [PROTOCOL] Built command packet: type=0x18
[2026-01-26 19:41:46] [DEBUG] [PROTOCOL] Received 244 bytes
[2026-01-26 19:41:46] [DEBUG] [PROTOCOL] Received 120 bytes
[2026-01-26 19:41:46] [DEBUG] [PROTOCOL] Received 244 bytes
[2026-01-26 19:41:46] [DEBUG] [PROTOCOL] Received 244 bytes
[2026-01-26 19:41:46] [DEBUG] [PROTOCOL] Received 244 bytes
[2026-01-26 19:41:46] [DEBUG] [PROTOCOL] Received 244 bytes
[2026-01-26 19:41:46] [DEBUG] [PROTOCOL] Received 244 bytes
[2026-01-26 19:41:46] [DEBUG] [PROTOCOL] Received 244 bytes
[2026-01-26 19:41:46] [DEBUG] [PROTOCOL] Received 244 bytes
[2026-01-26 19:41:46] [DEBUG] [PROTOCOL] Received 244 bytes
[2026-01-26 19:41:46] [DEBUG] [PROTOCOL] Received 244 bytes
[2026-01-26 19:41:46] [DEBUG] [PROTOCOL] Built command packet: type=0x17
[2026-01-26 19:41:46] [DEBUG] [PROTOCOL] Impedance: processed 100 packets
[2026-01-26 19:41:46] [INFO] [GENERAL] Real-time impedance calculated successfully
[2026-01-26 19:41:46] [DEBUG] [GENERAL] REF: 4798190.000000 Ω, GND: 4341219.500000 Ω
[2026-01-26 19:41:46] [DEBUG] [GENERAL] CH0: 4149832.750000 Ω
[2026-01-26 19:41:46] [DEBUG] [GENERAL] CH1: 4327431.500000 Ω
[2026-01-26 19:41:46] [DEBUG] [GENERAL] CH2: 4290252.000000 Ω
[2026-01-26 19:41:46] [DEBUG] [GENERAL] CH3: 4269351.000000 Ω
[2026-01-26 19:41:46] [DEBUG] [GENERAL] CH4: 4370258.000000 Ω
[2026-01-26 19:41:46] [DEBUG] [GENERAL] CH5: 4216380.000000 Ω
[2026-01-26 19:41:46] [DEBUG] [GENERAL] CH6: 4569705.000000 Ω
[2026-01-26 19:41:46] [DEBUG] [GENERAL] CH7: 4465911.000000 Ω
[2026-01-26 19:41:46] [DEBUG] [PROTOCOL] Built command packet: type=0x18
[2026-01-26 19:41:47] [DEBUG] [PROTOCOL] Received 244 bytes
[2026-01-26 19:41:47] [DEBUG] [PROTOCOL] Received 224 bytes
[2026-01-26 19:41:47] [DEBUG] [PROTOCOL] Received 244 bytes
[2026-01-26 19:41:47] [DEBUG] [PROTOCOL] Received 244 bytes
[2026-01-26 19:41:47] [DEBUG] [PROTOCOL] Received 244 bytes
[2026-01-26 19:41:47] [DEBUG] [PROTOCOL] Received 244 bytes
[2026-01-26 19:41:47] [DEBUG] [PROTOCOL] Received 244 bytes
[2026-01-26 19:41:47] [DEBUG] [PROTOCOL] Received 244 bytes
[2026-01-26 19:41:47] [DEBUG] [PROTOCOL] Received 244 bytes
[2026-01-26 19:41:47] [DEBUG] [PROTOCOL] Received 244 bytes
[2026-01-26 19:41:47] [DEBUG] [PROTOCOL] Received 244 bytes
[2026-01-26 19:41:47] [DEBUG] [PROTOCOL] Received 244 bytes
[2026-01-26 19:41:47] [DEBUG] [PROTOCOL] Received 244 bytes
[2026-01-26 19:41:47] [DEBUG] [PROTOCOL] Received 244 bytes
[2026-01-26 19:41:47] [DEBUG] [PROTOCOL] Received 244 bytes
[2026-01-26 19:41:47] [DEBUG] [PROTOCOL] Received 244 bytes
[2026-01-26 19:41:47] [DEBUG] [PROTOCOL] Received 244 bytes
[2026-01-26 19:41:47] [DEBUG] [PROTOCOL] Received 244 bytes
[2026-01-26 19:41:47] [DEBUG] [PROTOCOL] Received 244 bytes
[2026-01-26 19:41:47] [DEBUG] [PROTOCOL] Received 244 bytes
[2026-01-26 19:41:47] [DEBUG] [PROTOCOL] Received 244 bytes
[2026-01-26 19:41:47] [DEBUG] [PROTOCOL] Received 244 bytes
[2026-01-26 19:41:47] [DEBUG] [PROTOCOL] Received 244 bytes
[2026-01-26 19:41:47] [DEBUG] [PROTOCOL] Built command packet: type=0x17
[2026-01-26 19:41:47] [DEBUG] [PROTOCOL] Impedance: processed 100 packets
[2026-01-26 19:41:47] [INFO] [GENERAL] Real-time impedance calculated successfully
[2026-01-26 19:41:47] [DEBUG] [GENERAL] REF: 16828354.000000 Ω, GND: 15225654.000000 Ω
[2026-01-26 19:41:47] [DEBUG] [GENERAL] CH0: 5607786.500000 Ω
[2026-01-26 19:41:47] [DEBUG] [GENERAL] CH1: 7126829.000000 Ω
[2026-01-26 19:41:47] [DEBUG] [GENERAL] CH2: 6002597.500000 Ω
[2026-01-26 19:41:47] [DEBUG] [GENERAL] CH3: 5456276.000000 Ω
[2026-01-26 19:41:47] [DEBUG] [GENERAL] CH4: 6149219.500000 Ω
[2026-01-26 19:41:47] [DEBUG] [GENERAL] CH5: 7583502.000000 Ω
[2026-01-26 19:41:47] [DEBUG] [GENERAL] CH6: 16027004.000000 Ω
[2026-01-26 19:41:47] [DEBUG] [GENERAL] CH7: 8770949.000000 Ω
[2026-01-26 19:41:47] [DEBUG] [PROTOCOL] Received 244 bytes
[2026-01-26 19:41:47] [DEBUG] [PROTOCOL] Built command packet: type=0x18
[2026-01-26 19:41:47] [DEBUG] [PROTOCOL] Received 212 bytes
[2026-01-26 19:41:48] [DEBUG] [PROTOCOL] Received 244 bytes
[2026-01-26 19:41:48] [DEBUG] [PROTOCOL] Received 244 bytes
[2026-01-26 19:41:48] [DEBUG] [PROTOCOL] Received 244 bytes
[2026-01-26 19:41:48] [DEBUG] [PROTOCOL] Received 244 bytes
[2026-01-26 19:41:48] [DEBUG] [PROTOCOL] Received 244 bytes
[2026-01-26 19:41:48] [DEBUG] [PROTOCOL] Received 244 bytes
[2026-01-26 19:41:48] [DEBUG] [PROTOCOL] Received 244 bytes
[2026-01-26 19:41:48] [DEBUG] [PROTOCOL] Received 244 bytes
[2026-01-26 19:41:48] [DEBUG] [PROTOCOL] Received 244 bytes
[2026-01-26 19:41:48] [DEBUG] [PROTOCOL] Received 244 bytes
[2026-01-26 19:41:48] [DEBUG] [PROTOCOL] Received 244 bytes
[2026-01-26 19:41:48] [DEBUG] [PROTOCOL] Built command packet: type=0x17
[2026-01-26 19:41:48] [DEBUG] [PROTOCOL] Impedance: processed 100 packets
[2026-01-26 19:41:48] [INFO] [GENERAL] Real-time impedance calculated successfully
[2026-01-26 19:41:48] [DEBUG] [GENERAL] REF: 4361645.500000 Ω, GND: 3946250.750000 Ω
[2026-01-26 19:41:48] [DEBUG] [GENERAL] CH0: 3702111.750000 Ω
[2026-01-26 19:41:48] [DEBUG] [GENERAL] CH1: 3655548.750000 Ω
[2026-01-26 19:41:48] [DEBUG] [GENERAL] CH2: 3815509.750000 Ω
[2026-01-26 19:41:48] [DEBUG] [GENERAL] CH3: 3897434.250000 Ω
[2026-01-26 19:41:48] [DEBUG] [GENERAL] CH4: 4068345.000000 Ω
[2026-01-26 19:41:48] [DEBUG] [GENERAL] CH5: 3915817.750000 Ω
[2026-01-26 19:41:48] [DEBUG] [GENERAL] CH6: 4153948.250000 Ω
[2026-01-26 19:41:48] [DEBUG] [GENERAL] CH7: 3839513.750000 Ω
[2026-01-26 19:41:48] [DEBUG] [PROTOCOL] Received 244 bytes
[2026-01-26 19:41:48] [DEBUG] [PROTOCOL] Built command packet: type=0x18
[2026-01-26 19:41:48] [DEBUG] [PROTOCOL] Received 244 bytes
[2026-01-26 19:41:48] [DEBUG] [PROTOCOL] Received 212 bytes
[2026-01-26 19:41:48] [DEBUG] [PROTOCOL] Received 244 bytes
[2026-01-26 19:41:48] [DEBUG] [PROTOCOL] Received 244 bytes
[2026-01-26 19:41:48] [DEBUG] [PROTOCOL] Received 244 bytes
[2026-01-26 19:41:48] [DEBUG] [PROTOCOL] Received 244 bytes
[2026-01-26 19:41:48] [DEBUG] [PROTOCOL] Received 244 bytes
[2026-01-26 19:41:48] [DEBUG] [PROTOCOL] Received 244 bytes
[2026-01-26 19:41:48] [DEBUG] [PROTOCOL] Received 244 bytes
[2026-01-26 19:41:48] [DEBUG] [PROTOCOL] Built command packet: type=0x17
[2026-01-26 19:41:48] [DEBUG] [PROTOCOL] Impedance: processed 100 packets
[2026-01-26 19:41:48] [INFO] [GENERAL] Real-time impedance calculated successfully
[2026-01-26 19:41:48] [DEBUG] [GENERAL] REF: 3759640.000000 Ω, GND: 3401579.250000 Ω
[2026-01-26 19:41:48] [DEBUG] [GENERAL] CH0: 3130237.250000 Ω
[2026-01-26 19:41:48] [DEBUG] [PROTOCOL] Received 244 bytes
[2026-01-26 19:41:48] [DEBUG] [GENERAL] CH1: 3196174.500000 Ω
[2026-01-26 19:41:48] [DEBUG] [GENERAL] CH2: 3242509.500000 Ω
[2026-01-26 19:41:48] [DEBUG] [GENERAL] CH3: 3280208.250000 Ω
[2026-01-26 19:41:48] [DEBUG] [GENERAL] CH4: 3415509.000000 Ω
[2026-01-26 19:41:48] [DEBUG] [GENERAL] CH5: 3253226.500000 Ω
[2026-01-26 19:41:48] [DEBUG] [GENERAL] CH6: 3580609.750000 Ω
[2026-01-26 19:41:48] [DEBUG] [GENERAL] CH7: 3282126.000000 Ω
[2026-01-26 19:41:48] [DEBUG] [PROTOCOL] Built command packet: type=0x18
[2026-01-26 19:41:48] [DEBUG] [PROTOCOL] Received 244 bytes
[2026-01-26 19:41:48] [DEBUG] [PROTOCOL] Received 144 bytes
[2026-01-26 19:41:48] [DEBUG] [PROTOCOL] Received 244 bytes
[2026-01-26 19:41:48] [DEBUG] [PROTOCOL] Received 244 bytes
[2026-01-26 19:41:49] [DEBUG] [PROTOCOL] Received 244 bytes
[2026-01-26 19:41:49] [DEBUG] [PROTOCOL] Received 244 bytes
[2026-01-26 19:41:49] [DEBUG] [PROTOCOL] Received 244 bytes
[2026-01-26 19:41:49] [DEBUG] [PROTOCOL] Received 244 bytes
[2026-01-26 19:41:49] [DEBUG] [PROTOCOL] Received 244 bytes
[2026-01-26 19:41:49] [DEBUG] [PROTOCOL] Built command packet: type=0x17
[2026-01-26 19:41:49] [DEBUG] [PROTOCOL] Impedance: processed 100 packets
[2026-01-26 19:41:49] [INFO] [GENERAL] Real-time impedance calculated successfully
[2026-01-26 19:41:49] [DEBUG] [GENERAL] REF: 12189210.000000 Ω, GND: 11028333.000000 Ω
[2026-01-26 19:41:49] [DEBUG] [GENERAL] CH0: 1066723.375000 Ω
[2026-01-26 19:41:49] [DEBUG] [GENERAL] CH1: 4689851.500000 Ω
[2026-01-26 19:41:49] [DEBUG] [GENERAL] CH2: 1682904.625000 Ω
[2026-01-26 19:41:49] [DEBUG] [GENERAL] CH3: 593052.312500 Ω
[2026-01-26 19:41:49] [DEBUG] [GENERAL] CH4: 803174.062500 Ω
[2026-01-26 19:41:49] [DEBUG] [GENERAL] CH5: 1737289.750000 Ω
[2026-01-26 19:41:49] [DEBUG] [GENERAL] CH6: 11608772.000000 Ω
[2026-01-26 19:41:49] [DEBUG] [GENERAL] CH7: 4759808.500000 Ω
[2026-01-26 19:41:49] [DEBUG] [PROTOCOL] Built command packet: type=0x18
[2026-01-26 19:41:49] [DEBUG] [PROTOCOL] Received 244 bytes
[2026-01-26 19:41:49] [DEBUG] [PROTOCOL] Received 172 bytes
[2026-01-26 19:41:49] [DEBUG] [PROTOCOL] Received 244 bytes
[2026-01-26 19:41:49] [DEBUG] [PROTOCOL] Received 244 bytes
[2026-01-26 19:41:49] [DEBUG] [PROTOCOL] Received 244 bytes
[2026-01-26 19:41:49] [DEBUG] [PROTOCOL] Received 244 bytes
[2026-01-26 19:41:49] [DEBUG] [PROTOCOL] Received 244 bytes
[2026-01-26 19:41:49] [DEBUG] [PROTOCOL] Received 244 bytes
[2026-01-26 19:41:49] [DEBUG] [PROTOCOL] Received 244 bytes
[2026-01-26 19:41:49] [DEBUG] [PROTOCOL] Received 244 bytes
[2026-01-26 19:41:49] [DEBUG] [PROTOCOL] Built command packet: type=0x17
[2026-01-26 19:41:49] [DEBUG] [PROTOCOL] Impedance: processed 100 packets
[2026-01-26 19:41:49] [INFO] [GENERAL] Real-time impedance calculated successfully
[2026-01-26 19:41:49] [DEBUG] [GENERAL] REF: 4611671.500000 Ω, GND: 4172465.000000 Ω
[2026-01-26 19:41:49] [DEBUG] [GENERAL] CH0: 3982830.750000 Ω
[2026-01-26 19:41:49] [DEBUG] [GENERAL] CH1: 3793307.500000 Ω
[2026-01-26 19:41:49] [DEBUG] [GENERAL] CH2: 4087789.750000 Ω
[2026-01-26 19:41:49] [DEBUG] [GENERAL] CH3: 4213599.500000 Ω
[2026-01-26 19:41:49] [DEBUG] [GENERAL] CH4: 4392068.500000 Ω
[2026-01-26 19:41:49] [DEBUG] [GENERAL] CH5: 4266292.500000 Ω
[2026-01-26 19:41:49] [DEBUG] [GENERAL] CH6: 4328827.000000 Ω
[2026-01-26 19:41:49] [DEBUG] [GENERAL] CH7: 4151337.250000 Ω
[2026-01-26 19:41:49] [DEBUG] [PROTOCOL] Received 244 bytes
[2026-01-26 19:41:49] [DEBUG] [PROTOCOL] Built command packet: type=0x18
[2026-01-26 19:41:49] [DEBUG] [PROTOCOL] Received 244 bytes
[2026-01-26 19:41:49] [DEBUG] [PROTOCOL] Received 244 bytes
[2026-01-26 19:41:49] [DEBUG] [PROTOCOL] Received 16 bytes
[2026-01-26 19:41:49] [DEBUG] [PROTOCOL] Received 244 bytes
[2026-01-26 19:41:49] [DEBUG] [PROTOCOL] Received 244 bytes
[2026-01-26 19:41:49] [DEBUG] [PROTOCOL] Received 244 bytes
[2026-01-26 19:41:49] [DEBUG] [PROTOCOL] Received 244 bytes
[2026-01-26 19:41:49] [DEBUG] [PROTOCOL] Received 244 bytes
[2026-01-26 19:41:49] [DEBUG] [PROTOCOL] Received 244 bytes
[2026-01-26 19:41:49] [DEBUG] [PROTOCOL] Received 244 bytes
[2026-01-26 19:41:50] [DEBUG] [PROTOCOL] Received 244 bytes
[2026-01-26 19:41:50] [DEBUG] [PROTOCOL] Received 244 bytes
[2026-01-26 19:41:50] [DEBUG] [PROTOCOL] Received 244 bytes
[2026-01-26 19:41:50] [DEBUG] [PROTOCOL] Built command packet: type=0x17
[2026-01-26 19:41:50] [DEBUG] [PROTOCOL] Received 244 bytes
[2026-01-26 19:41:50] [DEBUG] [PROTOCOL] Impedance: processed 91 packets
[2026-01-26 19:41:50] [INFO] [GENERAL] Real-time impedance calculated successfully
[2026-01-26 19:41:50] [DEBUG] [GENERAL] REF: 4593037.500000 Ω, GND: 4155605.250000 Ω
[2026-01-26 19:41:50] [DEBUG] [GENERAL] CH0: 3961237.250000 Ω
[2026-01-26 19:41:50] [DEBUG] [GENERAL] CH1: 3780608.500000 Ω
[2026-01-26 19:41:50] [DEBUG] [GENERAL] CH2: 4081992.250000 Ω
[2026-01-26 19:41:50] [DEBUG] [GENERAL] CH3: 4203987.500000 Ω
[2026-01-26 19:41:50] [DEBUG] [GENERAL] CH4: 4374321.500000 Ω
[2026-01-26 19:41:50] [DEBUG] [GENERAL] CH5: 4244814.000000 Ω
[2026-01-26 19:41:50] [DEBUG] [GENERAL] CH6: 4322138.000000 Ω
[2026-01-26 19:41:50] [DEBUG] [GENERAL] CH7: 4131660.750000 Ω
[2026-01-26 19:41:50] [DEBUG] [PROTOCOL] Received 244 bytes
[2026-01-26 19:41:50] [DEBUG] [PROTOCOL] Received 96 bytes
[2026-01-26 19:41:50] [DEBUG] [PROTOCOL] Built command packet: type=0x18
[2026-01-26 19:41:50] [DEBUG] [PROTOCOL] Received 244 bytes
[2026-01-26 19:41:50] [DEBUG] [PROTOCOL] Received 244 bytes
[2026-01-26 19:41:50] [DEBUG] [PROTOCOL] Received 244 bytes
[2026-01-26 19:41:50] [DEBUG] [PROTOCOL] Received 244 bytes
[2026-01-26 19:41:50] [DEBUG] [PROTOCOL] Received 244 bytes
[2026-01-26 19:41:50] [DEBUG] [PROTOCOL] Received 244 bytes
[2026-01-26 19:41:50] [DEBUG] [PROTOCOL] Received 244 bytes
[2026-01-26 19:41:50] [DEBUG] [PROTOCOL] Received 244 bytes
[2026-01-26 19:41:50] [DEBUG] [PROTOCOL] Received 244 bytes
[2026-01-26 19:41:50] [DEBUG] [PROTOCOL] Received 244 bytes
[2026-01-26 19:41:50] [DEBUG] [PROTOCOL] Received 244 bytes
[2026-01-26 19:41:50] [DEBUG] [PROTOCOL] Received 244 bytes
[2026-01-26 19:41:50] [DEBUG] [PROTOCOL] Received 244 bytes
[2026-01-26 19:41:50] [DEBUG] [PROTOCOL] Received 244 bytes
[2026-01-26 19:41:50] [DEBUG] [PROTOCOL] Received 244 bytes
[2026-01-26 19:41:50] [DEBUG] [PROTOCOL] Received 244 bytes
[2026-01-26 19:41:50] [DEBUG] [PROTOCOL] Received 244 bytes
[2026-01-26 19:41:50] [DEBUG] [PROTOCOL] Received 244 bytes
[2026-01-26 19:41:50] [DEBUG] [PROTOCOL] Received 244 bytes
[2026-01-26 19:41:50] [DEBUG] [PROTOCOL] Received 244 bytes
[2026-01-26 19:41:50] [DEBUG] [PROTOCOL] Received 244 bytes
[2026-01-26 19:41:50] [DEBUG] [PROTOCOL] Received 244 bytes
[2026-01-26 19:41:50] [DEBUG] [PROTOCOL] Received 244 bytes
[2026-01-26 19:41:50] [DEBUG] [PROTOCOL] Received 244 bytes
[2026-01-26 19:41:50] [DEBUG] [PROTOCOL] Received 244 bytes
[2026-01-26 19:41:51] [DEBUG] [PROTOCOL] Received 244 bytes
[2026-01-26 19:41:51] [DEBUG] [PROTOCOL] Received 244 bytes
[2026-01-26 19:41:51] [DEBUG] [PROTOCOL] Received 244 bytes
[2026-01-26 19:41:51] [DEBUG] [PROTOCOL] Received 244 bytes
[2026-01-26 19:41:51] [DEBUG] [PROTOCOL] Received 244 bytes
[2026-01-26 19:41:51] [DEBUG] [PROTOCOL] Received 244 bytes
[2026-01-26 19:41:51] [DEBUG] [PROTOCOL] Received 244 bytes
[2026-01-26 19:41:51] [DEBUG] [PROTOCOL] Received 244 bytes
[2026-01-26 19:41:51] [DEBUG] [PROTOCOL] Received 244 bytes
[2026-01-26 19:41:51] [DEBUG] [PROTOCOL] Received 244 bytes
[2026-01-26 19:41:51] [DEBUG] [PROTOCOL] Received 244 bytes
[2026-01-26 19:41:51] [DEBUG] [PROTOCOL] Received 244 bytes
[2026-01-26 19:41:51] [DEBUG] [PROTOCOL] Received 244 bytes
[2026-01-26 19:41:51] [DEBUG] [PROTOCOL] Received 244 bytes
[2026-01-26 19:41:51] [DEBUG] [PROTOCOL] Received 244 bytes
[2026-01-26 19:41:51] [DEBUG] [PROTOCOL] Received 244 bytes
[2026-01-26 19:41:51] [DEBUG] [PROTOCOL] Received 244 bytes
[2026-01-26 19:41:51] [DEBUG] [PROTOCOL] Received 244 bytes
[2026-01-26 19:41:51] [DEBUG] [PROTOCOL] Received 244 bytes
[2026-01-26 19:41:51] [DEBUG] [PROTOCOL] Received 244 bytes
[2026-01-26 19:41:51] [DEBUG] [PROTOCOL] Received 244 bytes
[2026-01-26 19:41:51] [DEBUG] [PROTOCOL] Received 244 bytes
[2026-01-26 19:41:51] [DEBUG] [PROTOCOL] Received 244 bytes
[2026-01-26 19:41:51] [DEBUG] [PROTOCOL] Received 244 bytes
[2026-01-26 19:41:51] [DEBUG] [PROTOCOL] Received 244 bytes
[2026-01-26 19:41:51] [DEBUG] [PROTOCOL] Received 244 bytes
[2026-01-26 19:41:51] [DEBUG] [PROTOCOL] Received 244 bytes
[2026-01-26 19:41:51] [DEBUG] [PROTOCOL] Received 244 bytes
[2026-01-26 19:41:51] [DEBUG] [PROTOCOL] Received 244 bytes
[2026-01-26 19:41:51] [DEBUG] [PROTOCOL] Received 244 bytes
[2026-01-26 19:41:51] [DEBUG] [PROTOCOL] Received 244 bytes
[2026-01-26 19:41:51] [DEBUG] [PROTOCOL] Received 244 bytes
[2026-01-26 19:41:51] [DEBUG] [PROTOCOL] Received 244 bytes
[2026-01-26 19:41:51] [DEBUG] [PROTOCOL] Received 244 bytes
[2026-01-26 19:41:51] [DEBUG] [PROTOCOL] Received 244 bytes
[2026-01-26 19:41:51] [DEBUG] [PROTOCOL] Received 244 bytes
[2026-01-26 19:41:51] [DEBUG] [PROTOCOL] Received 244 bytes
[2026-01-26 19:41:52] [DEBUG] [PROTOCOL] Received 244 bytes
[2026-01-26 19:41:52] [DEBUG] [PROTOCOL] Received 244 bytes
[2026-01-26 19:41:52] [DEBUG] [PROTOCOL] Received 244 bytes
[2026-01-26 19:41:52] [DEBUG] [PROTOCOL] Received 244 bytes
[2026-01-26 19:41:52] [DEBUG] [PROTOCOL] Received 244 bytes
[2026-01-26 19:41:52] [DEBUG] [PROTOCOL] Received 244 bytes
[2026-01-26 19:41:52] [DEBUG] [PROTOCOL] Received 244 bytes
[2026-01-26 19:41:52] [DEBUG] [PROTOCOL] Received 244 bytes
[2026-01-26 19:41:52] [DEBUG] [PROTOCOL] Received 244 bytes
[2026-01-26 19:41:52] [DEBUG] [PROTOCOL] Received 244 bytes
[2026-01-26 19:41:52] [DEBUG] [PROTOCOL] Received 244 bytes
[2026-01-26 19:41:52] [DEBUG] [PROTOCOL] Received 244 bytes
[2026-01-26 19:41:52] [DEBUG] [PROTOCOL] Received 244 bytes
[2026-01-26 19:41:52] [DEBUG] [PROTOCOL] Received 244 bytes
[2026-01-26 19:41:52] [DEBUG] [PROTOCOL] Received 244 bytes
[2026-01-26 19:41:52] [DEBUG] [PROTOCOL] Received 244 bytes
[2026-01-26 19:41:52] [DEBUG] [PROTOCOL] Received 244 bytes
[2026-01-26 19:41:52] [DEBUG] [PROTOCOL] Received 244 bytes
[2026-01-26 19:41:52] [DEBUG] [PROTOCOL] Received 244 bytes
[2026-01-26 19:41:52] [DEBUG] [PROTOCOL] Received 244 bytes
[2026-01-26 19:41:52] [DEBUG] [PROTOCOL] Received 244 bytes
[2026-01-26 19:41:52] [DEBUG] [PROTOCOL] Received 244 bytes
[2026-01-26 19:41:52] [DEBUG] [PROTOCOL] Received 244 bytes
[2026-01-26 19:41:52] [DEBUG] [PROTOCOL] Received 244 bytes
[2026-01-26 19:41:52] [DEBUG] [PROTOCOL] Received 244 bytes
[2026-01-26 19:41:52] [DEBUG] [PROTOCOL] Received 244 bytes
[2026-01-26 19:41:52] [DEBUG] [PROTOCOL] Received 244 bytes
[2026-01-26 19:41:52] [DEBUG] [PROTOCOL] Received 244 bytes
[2026-01-26 19:41:52] [DEBUG] [PROTOCOL] Received 244 bytes
[2026-01-26 19:41:52] [DEBUG] [PROTOCOL] Received 244 bytes
[2026-01-26 19:41:52] [DEBUG] [PROTOCOL] Received 244 bytes
[2026-01-26 19:41:52] [DEBUG] [PROTOCOL] Received 244 bytes
[2026-01-26 19:41:52] [DEBUG] [PROTOCOL] Received 244 bytes
[2026-01-26 19:41:52] [DEBUG] [PROTOCOL] Received 244 bytes
[2026-01-26 19:41:52] [DEBUG] [PROTOCOL] Received 244 bytes
[2026-01-26 19:41:52] [DEBUG] [PROTOCOL] Received 244 bytes
[2026-01-26 19:41:52] [DEBUG] [PROTOCOL] Received 244 bytes
[2026-01-26 19:41:53] [DEBUG] [PROTOCOL] Received 244 bytes
[2026-01-26 19:41:53] [DEBUG] [PROTOCOL] Received 244 bytes
[2026-01-26 19:41:53] [DEBUG] [PROTOCOL] Received 244 bytes
[2026-01-26 19:41:53] [DEBUG] [PROTOCOL] Received 244 bytes
[2026-01-26 19:41:53] [DEBUG] [PROTOCOL] Received 244 bytes
[2026-01-26 19:41:53] [DEBUG] [PROTOCOL] Received 244 bytes
[2026-01-26 19:41:53] [DEBUG] [PROTOCOL] Received 244 bytes
[2026-01-26 19:41:53] [DEBUG] [PROTOCOL] Received 244 bytes
[2026-01-26 19:41:53] [DEBUG] [PROTOCOL] Received 244 bytes
[2026-01-26 19:41:53] [DEBUG] [PROTOCOL] Received 244 bytes
[2026-01-26 19:41:53] [DEBUG] [PROTOCOL] Received 244 bytes
[2026-01-26 19:41:53] [DEBUG] [PROTOCOL] Received 244 bytes
[2026-01-26 19:41:53] [DEBUG] [PROTOCOL] Received 244 bytes
[2026-01-26 19:41:53] [DEBUG] [PROTOCOL] Received 244 bytes
[2026-01-26 19:41:53] [INFO] [GENERAL] MDP SDK Unloading
[2026-01-26 20:13:46] [INFO] [GENERAL] MDP SDK Loaded
[2026-01-26 20:13:55] [INFO] [GENERAL] MDP SDK Unloading
[2026-01-26 20:14:49] [INFO] [GENERAL] MDP SDK Loaded
[2026-01-26 20:15:46] [INFO] [GENERAL] MDP SDK Unloading
[2026-01-26 20:18:10] [INFO] [GENERAL] MDP SDK Loaded
[2026-01-26 20:19:02] [INFO] [GENERAL] MDP SDK Unloading
[2026-01-26 20:21:01] [INFO] [GENERAL] MDP SDK Loaded
[2026-01-26 20:21:42] [INFO] [GENERAL] MDP SDK Unloading
[2026-01-26 20:22:03] [INFO] [GENERAL] MDP SDK Loaded
[2026-01-26 20:24:18] [INFO] [GENERAL] MDP SDK Unloading
[2026-01-26 20:24:28] [INFO] [GENERAL] MDP SDK Loaded
[2026-01-26 20:25:51] [INFO] [GENERAL] MDP SDK Unloading
